job-title,job-description,job-location,job-salary,job-url,job-type
"
      Consultant cybersécurité ISP (H/F) – IDF
    ","Espace-Freelance, réseau de consultants indépendants, recherche pour l’un de ses clients directs : un Consultant cybersécurité ISP (H/F) – IDF Mission à pourvoir en régie sur la région IDF Présence sur site : 3 jours / semaine Compétences obligatoires : analyse de risques ; identification des enjeux cyber ; connaissance de la réglementation ; veille réglementaire Votre mission : -        Analyses de risques et ISP -        Evolution de la méthode d’analyse de risques / ISP -        Mise en place des cadres, méthodologies et directives -        Analyse et consolidation des pratiques de gestion de la qualité et des risques de l’organisation -        Sensibilisation aux risques REF : EFP/DHCZMQ/ODVB Plus d’offres sur : Espace-Freelance, réseau de consultants indépendants, recherche pour l’un de ses clients directs : un Consultant cybersécurité ISP (H/F) – IDF Mission à pourvoir en régie sur la région IDF Présence sur site : 3 jours / semaine Compétences obligatoires : analyse de risques ; identification des enjeux cyber ; connaissance de la réglementation ; veille réglementaire Espace-Freelance, réseau de consultants indépendants, recherche pour l’un de ses clients directs : un Consultant cybersécurité ISP (H/F) – IDF Mission à pourvoir en régie sur la région IDF Présence sur site : 3 jours / semaine Compétences obligatoires : analyse de risques ; identification des enjeux cyber ; connaissance de la réglementation ; veille réglementaire","Île-de-France, France",100-600 €⁄j,https://www.free-work.com/fr/tech-it/ingenieur-en-cybersecurite/job-mission/consultant-cybersecurite-isp-h-f-idf,"
      Freelance
    "
"
      Ingenieur Sécurité H/F
    ","Nous recherchons pour l’un de nos clients situé dans la région Parisienne, un Ingénieur Sécurité H/F. Vos missions principales seront les suivantes : Participation à l'élaboration des règles de sécurité Mise en œuvre de la politique de sécurité informatique Détection et remédiation des menaces et failles de sécurité Mise à jour des solutions de sécurité Veille informatique et sécuritaire Sensibilisation des employés Support N2/N3 Vous justifiez d’une expérience professionnelle minimum de 5 ans sur un poste similaire, et maîtrisez les environnements suivants : Cisco Zscaler Forcepoint CheckPoint PaloAlto Savoir être : Rigueur Anticipation et disponibilité Bonne communication Maitrise de l'anglais Vous justifiez d’une expérience professionnelle minimum de 5 ans sur un poste similaire, et maîtrisez les environnements suivants : Cisco Zscaler Forcepoint CheckPoint PaloAlto Savoir être : Rigueur Anticipation et disponibilité Bonne communication Maitrise de l'anglais Créée en 1999, INFIDIS - Entreprise de Services du Numérique - est un intégrateur de technologies et de services à forte valeur ajoutée dans L’IT. INFIDIS accompagne ses clients dans la mise en œuvre des stratégies, des projets d’évolution et de transformation IT. INFIDIS se positionne sur le marché de la prestation de services à travers ses offres de : - Assistance Technique / Mission à temps partagé / Télétravail - Services professionnels - Maintenance et support (MCO) - Hébergement et management d'infrastructures • Chiffre d’affaires consolidé 2020 : 70 Millions € • Effectif 2020 : 80 personnes • 3 Agences Régionales : Paris, Nantes, Aix-en-Provence","Créteil, Île-de-France","49k-60k €⁄an, 500-580 €⁄j",https://www.free-work.com/fr/tech-it/ingenieur-en-cybersecurite/job-mission/ingenieur-securite-h-f-73,"
      CDI
     
      Freelance
    "
"
      Consultant SAP Autorisations
    ","Bonjour à tous, Je recherche pour un de mes clients un profil SAP GRC. Quelques détails sur les missions : Créer et améliorer les autorisations et les processus et documentations GRC • Assurer la liaison avec la branche pour développer la gouvernance GRC et l’application SOD • Concevoir et fournir des solutions techniques/fonctionnelles conformes aux spécifications et aux plans, conformément aux normes, procédures et SoD convenues • Développer et garantir l’intégrité des concepts d’autorisation (règles, méthodologie, outils, catalogue de rôles) dans le cadre de la maintenance des rôles et de la mise en œuvre des projets • Effectuer des examens des contrôles et des évaluations des risques • Gérer les activités de conformité SOD liées à la sécurité. Gérer l’ensemble de règles SOD GRC • Maintenir et contrôler le processus d’accès d’urgence (comptes de pompiers) • Collaborer avec les équipes d’application et de base pour garantir la sécurité technique des systèmes SAP • Rechercher activement des opportunités d’amélioration continue et diriger des initiatives d’amélioration • Assurer la durabilité des systèmes d’autorisation • Gérer toutes les activités de support opérationnel au quotidien pour la sécurité/les autorisations, y compris la résolution des tickets et la remontée des problèmes • Participer aux audits internes et externes Au moins dix ans dans des projets SAP et des activités en autorisations/GRC Maîtrise de l'anglais et du français Profil polyvalent Rigueur, capacité à proposer et respecter des procédures Capacité de travailler en équipe Capacité à travailler à l'échelle mondiale avec diverses nationalités dans un environnement matriciel. 10 % pour soutenir les déploiements et former les partenaires commerciaux d'autorisation locaux Compétences dans les systèmes d'autorisations SAP utilisés (applications ECC, eWM, TM, SCM, BW, HANA, FIORI et cloud SAP) Compétences en contrôle d'accès SAP GRC Une connaissance de CSI RBM","Lille, Hauts-de-France",100-600 €⁄j,https://www.free-work.com/fr/tech-it/consultant-erp-systems/job-mission/consultant-sap-autorisations-3,"
      Freelance
    "
"
      Ingénieur support sécurité IAM
    ","Au sein de l'équipe Support IAM et sous la responsabilité du Responsable Support vos missions seront les suivantes : Traiter les demandes d’incidents remontées par les clients Identifier les problèmes, analyser leur cause, proposer et mettre en œuvre un plan d’actions correctif Support N3 sur les solutions cyberark, wallix , okta Installation et déploiement des patchs de sécurité éditeur, des mises à jour éditeur et des patchs OS Installation des composantes cyberark (PSM,Vault,etc..) , wallix (Bastion , access manager) Développer et mettre en œuvre des workflows Déplacements chez les clients à prévoir Participer au roulement d’astreintes Possibilité de travailler chez des clients en Régie Assurer le pilotage des incidents critiques et majeurs avec les clients et partenaires (constructeurs, éditeurs, sous-traitants) Assurer un suivi régulier des incidents en cours avec les clients pour assurer la satisfaction client Analyser tous les problèmes impactant les interfaces entre les produits IAM et les applications sources et cibles Analyser les incidents sur les différentes bases de données et annuaires nécessaires à la gestion des personnes, des accès et structures (LDAP, bases SQL) Développer l'entraide et le partage de bonnes pratiques au sein de l'équipe Rendre compte de son activité et alerter si nécessaire Bac+5 en Informatique ou équivalent Expérience dans le domaine des activités de RUN Langage de programmation Java/ Python/ Perl/ C/ C++ Langages Web : Javascript, HTML, CSS Outils collaboratifs :SVN, GIT Vous maitrisez les technologies, Cyberark, Wallix Varonis, Ping, Okta Annuaire et base de données : LDAP, SQL, Oracle/DB2 Certification Cyberark Defender ou prévoyez la passer dans les prochains jours Connaissance de LDAP ou d’une solution de gestion d’identités et accès IAM (Sailpoint, FIM/MIM,ISIM ) serait un plus Avoir des connaissances sur les outils de ticketing (idéalement Service Now..) Avoir des connaissances des processus ITIL Maitrise de l’anglais Equipe Support IAM domaine des activités de RUN environnement anglophone Astreintes Déplacements clients Rythme : 2 jours TT/ 3 jours site Localisation : La defense 92 Demarrage : ASAP | URGENT Durée : 3 ans Expérience : 3 ans min","La Défense, Île-de-France",400-450 €⁄j,https://www.free-work.com/fr/tech-it/ingenieur-en-cybersecurite/job-mission/ingenieur-support-securite-iam-2,"
      Freelance
    "
"
      Chef de projet PAM CyberArk (h/f)
    ","Cyber Defense One PAM program is looking for an external Project Management Consultant to complete our team and help us in our CyberArk migration project phase : users & accesses migration from our old Cyberark platforms to our newly Global platform. The Service  will receive support from all One PAM project and product team. The Service  will report to the OnePAM global project manager. Deliverables: ·        Project organization in coordination with other teams (including OnePAM integration team) ·        users & accesses migration: define the waves & KPIs definition, follow up of the execution ·        Review and critical advices on OnePAM integration team deliverables ·        Project Documentation Management Le programme One PAM de Cyberdéfense est à la recherche d'un consultant externe en gestion de projet pour compléter notre équipe et nous aider dans notre phase de projet de migration CyberArk : migration des utilisateurs et des accès de nos anciennes plateformes CyberArk vers notre nouvelle plateforme globale. Le service recevra le soutien de toute l'équipe du projet One PAM et de l'équipe produit. Le service sera rattaché au chef de projet OnePAM. Livrables : - Organisation du projet en coordination avec les autres équipes (y compris l'équipe d'intégration OnePAM) - migration des utilisateurs et des accès : définition des vagues et des KPIs, suivi de l'exécution - Revue et conseils critiques sur les livrables de l'équipe d'intégration OnePAM - Gestion de la documentation du projet ·        Expertise in CyberArk tool ·        Expertise in Privileged Accesses Management ·        5 years of Expertise in project management ·        Management of Security tool integration at international level ·        Expertise in data migration management ·        Expertise in Public Cloud Shared Responsibility model (IaaS, PaaS, SaaS) ·        Expertise in Agile or Product organization (preferred) ·        Authentication (IAM) : Very Strong ·        Automation : Limited Experience ·        Cloud platforms & environment : Moderately Strong ·        Information security: Moderately Strong ·        IT Risk knowledge : Very Strong ·        Producing & presenting reports & documentation: Expert ·        Project management : Expert ·        Quality management : Very Strong ·        Security : Very Strong ·        SharePoint : Moderately Strong ·        Transformation : Moderately Strong Nice to Have ·        Active Directory : Moderately Strong ·        Agile techniques (SCRUM, Kanban) : Limited Experience ·        Architecture : Limited Experience ·        AWS : Moderately Strong ·        Azure (DevOps, Services, SQL, Azure Search) : Limited experience ·        IAM - one identity : Very Strong ·        JIRA : limited experience ·        Linux (Red Hat, Ubuntu, �) : Superficial Familiarity ·        Microsoft Power BI : Superficial Familiarity ·        Monitoring methods and tools: Moderately Strong ·        Networks knowledge:  Superficial Familiarity ·        Oracle : Superficial Familiarity ·        Windows Server : Superficial Familiarity - Expertise dans l'outil CyberArk - Expertise en gestion des accès privilégiés - 5 ans d'expertise en gestion de projet - Gestion de l'intégration d'outils de sécurité au niveau international - Expertise dans la gestion de la migration des données - Expertise dans le modèle de responsabilité partagée du Cloud public (IaaS, PaaS, SaaS) - Expertise en Agile ou en organisation de produits (préférable) - Authentification (IAM) : très forte - Automatisation : Expérience limitée - Plateformes et environnement cloud : Modérément fort - Sécurité de l'information : Moyennement fort - Connaissance des risques informatiques : Très forte - Production et présentation de rapports et de documentation : Expert - Gestion de projet : Expert - Gestion de la qualité : Très fort - Sécurité : Très fort - SharePoint : Moyennement fort - Transformation : Moyennement fort Nice to Have ·        Active Directory : Moderately Strong ·        Agile techniques (SCRUM, Kanban) : Limited Experience ·        Architecture : Limited Experience ·        AWS : Moderately Strong ·        Azure (DevOps, Services, SQL, Azure Search) : Limited experience ·        IAM - one identity : Very Strong ·        JIRA : limited experience ·        Linux (Red Hat, Ubuntu, �) : Superficial Familiarity ·        Microsoft Power BI : Superficial Familiarity ·        Monitoring methods and tools: Moderately Strong ·        Networks knowledge:  Superficial Familiarity ·        Oracle : Superficial Familiarity ·        Windows Server : Superficial Familiarity - Active Directory : modérément fort - Techniques agiles (SCRUM, Kanban) : Expérience limitée - Architecture : Expérience limitée - AWS : Modérément fort - Azure (DevOps, Services, SQL, Azure Search) : Expérience limitée - IAM - une identité : très forte - JIRA : expérience limitée - Linux (Red Hat, Ubuntu, �) : Familiarité superficielle - Microsoft Power BI : connaissance superficielle - Méthodes et outils de surveillance : Modérément fort - Connaissance des réseaux : Connaissance superficielle - Oracle : Familiarité superficielle - Windows Server : connaissance superficielle","Paris, France",500-650 €⁄j,https://www.free-work.com/fr/tech-it/assistant-chef-de-projet/job-mission/chef-de-projet-pam-cyberark,"
      Freelance
    "
"
      Project Management Consultant CyberArk / PAM
    ","Bonjour, Je suis Consultante en Recrutement Spécialisée dans l'IT. Je souhaiterais pouvoir échanger avec vous au sujet d'une mission en freelance à pourvoir rapidement «Project Management Consultant CyberArk / PAM ». Démarrage: ASAP Lieu: Paris 17ème 4 jours sur site / 1 jour de télétravail Durée : Long terme Contrat : Freelance ou Portage salariale Vous trouverez ci-dessous le descriptif de la mission : Cyber Defense One PAM program is looking for an external Project Management Consultant to complete our team and help us in our CyberArk migration project phase : users & accesses migration from our old Cyberark platforms to our newly Global platform. You will receive support from all One PAM project and product team. You will report to the OnePAM global project manager. Livrables attendus : Project organization in coordination with other teams (including OnePAM integration team) Users & accesses migration: define the waves & KPIs definition, follow up of the execution Review and critical advices on OnePAM integration team deliverables Project Documentation Management Compétences recherchées : Expertise in CyberArk tool Expertise in Privileged Accesses Management 5 years of Expertise in project management Management of Security tool integration at international level Expertise in data migration management Expertise in Public Cloud Shared Responsibility model (IaaS, PaaS, SaaS) Expertise in Agile or Product organization (preferred) Si vous êtes intéressé par cette offre, je vous invite à m'envoyer immédiatement votre CV (format Word) à l'adresse suivante : XXXX@XXXX.XX Par la même occasion, vous pouvez communiquer cette offre à vos contacts, ou à me recommander des personnes pouvant correspondre. Bien Cordialement, Depuis 20 ans Huxley est positionné parmi les acteurs principaux du recrutement dans le monde. Spécialisé dans l'IT, la finance et l'assurance nous sommes implantés mondialement dans 15 pays. Nous aidons nos clients à optimiser leur recrutement en adoptant une approche personnalisée et une expertise métiers, délivrant ainsi un service sur mesure. Nous nouons quotidiennement des relations avec les talents et les entreprises les plus dynamiques du marché. Huxley est le spécialiste Banque Finance Assurance du groupe International STHREE côté en bourse au LSE, leader sur le segment STEM (Sciences Technologies Engineering and Mathematics). - Analyse du marché et prospection commerciale - Définition du projet avec le client, compréhension et analyse de ses besoins - Recherche et qualification de candidats (sourcing) - Validation technique des profils envoyés aux clients - Négociation des accords commerciaux - Accompagnement du candidat et du client tout au long du processus de recrutement - Connecter les partenaires du secteur avec le réseau d'experts IT - Mise en place de partenariats/accords cadres - Business development - Fidélisation client - Point de contact dédié aux opérationnels et au service achat","Paris, France",650-750 €⁄j,https://www.free-work.com/fr/tech-it/consultant/job-mission/project-management-consultant-cyberark-pam,"
      Freelance
    "
"
      Ingénieur SecOps – SOAR / SIEM Automation
    ","Nous recherchons un ingénieur en orchestration de sécurité et réponse automatisée (SOAR) chargé de maintenir notre solution SOAR, de développer des playbooks et de mettre en œuvre des intégrations au sein de l'équipe d'ingénierie de la plateforme SOC. L'ingénieur SOAR collaborera étroitement avec des équipes interfonctionnelles, en tirant parti de diverses technologies pour mettre en œuvre l'automatisation de la sécurité et en aidant notre équipe de réponse aux incidents à améliorer la productivité des analystes contre les cybermenaces. Maintenir notre plateforme SOAR à son niveau optimal et nos playbooks existants, Développer de nouveaux playbooks pour répondre à des exigences de sécurité spécifiques, Collaborer avec les parties prenantes pour identifier les cas d'utilisation, Développer et maintenir des scripts d'automatisation (Python), Soutenir les analystes de sécurité dans l'automatisation des activités de réponse aux incidents, Documenter les processus et les workflows pour le partage interne, Participer à l'étude technique Expérience avec SIEM ou infrastructure cloud, telle que Splunk ou Microsoft Azure. Lieu/Localisation : Sophia-Antipolis ou full remote suivant profil Télétravail : Oui ou non, si oui combien de jours par semaine : Oui 2 jours / semaine ou full remote suivant profil Niveau de séniorité attendue : 5-10 ans Nombre de ressource(s) : 1","Nice, Provence-Alpes-Côte d'Azur",500-550 €⁄j,https://www.free-work.com/fr/tech-it/ingenieur/job-mission/ingenieur-secops-soar-siem-automation,"
      Freelance
    "
"
      Consultant cybersécurité (H/F)
    ","Espace-Freelance, réseau de consultants indépendants, recherche pour l’un de ses clients directs : un Consultant cybersécurité (H/F), OFFRE A POURVOIR DANS LA METROPOLE LILLOISE. 2 jours de télétravail MAXIMUM. Votre mission : Renfort au RSSI sur les différentes taches cyber, Sensibilisation des collaborateurs, Analyse de risques, Force de proposition concernant des solutions permettant de réduire les risques en prenant en compte les contraintes de l’environnement. Gestion documentaires Expérience dans la sécurité des SI et dans le pilotage et l’analyse des risques métiers. Contexte international : anglais requis Expérience dans la sécurité des SI et dans le pilotage et l’analyse des risques métiers. Contexte international : anglais requis Profil confirmé. Force de propositions. MISSION DANS LA METROPOLE LILLOISE : sur site 2 / 3 jours. ET ACCESSIBLE EN TRANSPORT EN COMMUN. Bon communicant, vous êtes à l'aise pour accompagner des profils plus juniors dans la montée en compétence.","Lille, Hauts-de-France",480-720 €⁄j,https://www.free-work.com/fr/tech-it/ingenieur-en-cybersecurite/job-mission/consultant-cybersecurite-h-f-76,"
      Freelance
    "
"
      Expert sécurité SOC/CSIRT H/F - Bordeaux
    ","Notre client dans le secteur de l'assurance recherche un Expert sécurité SOC/CSIRT H/F qui aura pour mission de : 50% PROJET - Piloter le projet de co-construction avec notre partenaire MSSP (périmètre EDR et SIEM) - Définir la stratégie du SOC et du CSIRT, assurer la cohérence technique et prendre en compte les exigences réglementaires - Définir les scénarios de détection et de corrélation et les intégrer dans les outils du SOC - Réaliser le raccordement de nos sources de logs vers le SIEM interne - Conduire des études (POC) pour assurer l'évolution et l'automatisation des outils (SOAR, CTI, InterCert ) - Maintenir et faire évoluer les processus et procédures de détection, d’analyse, de notification et de réponse à incident en alignement avec les exigences de la certification ISO27001 40% RUN - 10% VEILLE - Planifier, organiser et animer les opérations quotidiennes du SOC avec l'équipe (1 interne et 2 alternants) - Piloter la prestation du SOC externalisé - MSSP (comitologie, respect des SLA, amélioration continue ) - Rechercher en sources ouvertes (OSINT) et traiter les fuites de données (documents, mots de passe exposés ) - Prendre en charge les incidents de sécurité, de la détection jusqu’à la résolution et la clôture - Assurer un appui opérationnel à la gestion de crise en cas d’incidents de sécurité graves - Former régulièrement l’équipe et le personnel de premier niveau sur les outils et les processus internes - Assurer une comitologie régulière pour présenter des indicateurs de suivi de l'exploitation sécurité Run quotidien : traitement des alertes MSSP, phishing, CVE, leaks, investigations forensiques, MDI / MDO... Intégration EDR et SIEM avec notre MSSP : branchement de sources, tuning des détections, corrélations, purple team, recettage, KPI... (piloté par une chef de projet) Par la suite, la mission s'orientera vers du build d'outils pour le SOC interne : ELK, SOAR, CTI, OSINT... Vous rejoignez une équipe sécurité composée de 15 personnes dans un environnement riche et dynamique. Mission de 3 mois renouvelable plusieurs fois basée à Bordeaux avec 2 jours de télétravail par semaine.","Bordeaux, Nouvelle-Aquitaine",600-700 €⁄j,https://www.free-work.com/fr/tech-it/administrateur-securite/job-mission/expert-securite-soc-csirt-h-f-bordeaux,"
      Freelance
    "
"
      DBA SQL Server / Devops (H/F) - Full remote 
    ","Contexte de la mission : Intégrer une équipe de DBAs au sein de la squad GPIO ESI (Enterprise Solution Infrastructure) DATA dans la DSI pour administrer une vingtaine de bases de données SQL Server de manière automatisé. Début souhaité : 03/06/2024 Durée estimée de la mission : plus de 6 mois FULL REMOTE Votre rôle : Assurer le maintien opérationnel de bases de données existantes supportant des applications critiques pour l’entreprise (haute-disponibilité, PRA,..) Prise en charge et résolution des incidents Concevoir et implémenter des nouvelles bases de données au gré des besoins de l’entreprise. Participer au Change Management, notamment pour les mises en productions des évolutions techniques Automatiser la gestion des bases de données internes, avoir un impact sur les études de performances. Être proactif sur les erreurs, rédiger de la documentation technique et identifier les bonnes pratiques. Innover et proposer des évolutions sur l'infrastructure pour s'adapter aux besoins. Faire interface entre l’équipe technique (Esi) et les clients internes (CRM, BI, MDM, Finance, etc..) Vos atouts : Autonome et capable de travailler main dans la main avec son équipe ainsi que les autres équipes Capable de se concentrer sur les tâches techniques complexes Faire preuve d'humilité et communiquer sur le travail de l'équipe Curiosité et veille technologique Capacité d’adaptation et de gestion de changement Anglais technique Le scope principal sur lequel vous serez missionné(e) : Administration MS SQL SERVER Powershell scripting Des connaissances de l’outil SSIS seraient un réel atout Environnements Windows et Linux Documentation (outils SharePoint et Confluence) Gestion des incidents (ServiceNow) Gestion des changes (JIRA / ServiceNow) Post-Mortems sur les incidents / problèmes Compte-rendu d'activité journalier et hebdomadaire sous forme ABCD Compétences demandées : SQL Server - Confirmé Cybersécurité - Confirmé Powershell scripting - Avancé Windows - Avancé Devops - Avancé SSIS - Élémentaire Microsoft Dynamics CRM - Élémentaire Début souhaité : 03/06/2024 Durée estimée de la mission : plus de 6 mois FULL REMOTE Contexte de la mission : Intégrer une équipe de DBAs au sein de la squad GPIO ESI (Enterprise Solution Infrastructure) DATA dans la DSI pour administrer une vingtaine de bases de données SQL Server de manière automatisé.","Paris, France",400-550 €⁄j,https://www.free-work.com/fr/tech-it/administrateur-sql/job-mission/devops-dba-sql-server-h-f-full-remote,"
      Freelance
    "
"
      Consultant MOE BI T.SQL_SSIS Sénior/ Socle Data
    ","Compétences impérativement exigées : ➢ Compétences techniques ▪ Conception / Modélisation BI (Flux & modèles de données) ▪ Expériences significatives sur la mise en place complète de projets BI Data ETL (conception, modélisation, réalisation) et sur le RUN en environnement Full Microsoft (SSIS, SQL Server : Modélisation, procédures stockées, optimisation SQL, etc.). ▪ Connaissance et mise en œuvre de la suite Microsoft AZURE DEVOPS (Git, Board Agile, Pipeline de déploiement CI/CD). ▪ Anglais professionnel. ➢ Compétences organisationnelles ▪ Expérience significative sur l’implémentation de projets BI d'intégration de données (datawarehouse & datamarts) ▪ Avoir la capacité de mener des mini-projets en autonomie tout en étant accompagné par un(e) maitrise d’ouvrage et/ou le métier. ▪ Capacité à s’organiser, à s’adapter sur les priorités, à synthétiser l’état d’avancement de ses activités et à remonter les alertes si besoin. ▪ Compétence(s) appréciée(s) : ➢ Métiers Logistique (facultatif) ➢ Technologies Reporting BI : TABLEAU, IBM Cognos (facultatif) ➢ Travail avec un partenaire offshore ➢ Certifications sur la suite MSBI (facultative) ▪ Descriptif détaillé de la mission : ➢ Assurer le RUN des applications existantes (ETL, Bases de données, support niveau 3) ➢ Comprendre les enjeux métier, problématiques à résoudre et opportunités à concrétiser. ➢ Echanger et challenger les besoins métiers avec les équipes AMOA BI en tenant compte des contraintes techniques. ➢ Proposer, concevoir et spécifier des solutions techniques viables, évolutives et tenant compte de l'existant. ➢ Rédaction des documents techniques (spécification techniques, document d’exploitation…etc). ➢ Conseiller, proposer des axes d'amélioration, alerter si besoin. ▪ Environnement technique de la mission : ➢ Socle Data : SSIS, SQLServer (2016), procédures stockées, Azure DevOps (Git, Board Agile, Pipeline de déploiement CI/CD) ➢ Reporting : COGNOS BI 10.2 et 11 & Tableau Profil : ▪ Bon relationnel, sens de la communication, qualité d’expression orale et écrite, appétence au travail collaboratif et aux problématiques fonctionnelles ▪ Être force de proposition ▪ Méthodologie, organisation, rigueur ▪ Capacité de synthèse et d'analyse ▪ Capacité à travailler en équipe, à s'adapter à différents interlocuteurs, sens du service, écoute, humilité et ouverture d'esprit. ▪ Environnement technique de la mission : ➢ Socle Data : SSIS, SQLServer (2016), procédures stockées, Azure DevOps (Git, Board Agile, Pipeline de déploiement CI/CD) ➢ Reporting : COGNOS BI 10.2 et 11 & Tableau","Paris, France","50k-77k €⁄an, 500-680 €⁄j",https://www.free-work.com/fr/tech-it/administrateur-sql/job-mission/consultant-moe-bi-t-sql-ssis-senior-socle-data,"
      Freelance
     
      CDI
    "
"
      Consultant MOE BI / COGNOS 
    ","Un de nos clients recherche un MOE BI COGNOS >> Compétences impérativement exigées : Compétences BI Théorie du décisionnel (concepts, modélisations, Data…) Logique d’intégration de la DATA Compétences techniques : Développement de solution BI en environnement IBM COGNOS Analytics 11 et MS SQLServer Portail, reports, Dashboards, Datamodules Framework Manager / Transformer Outils MS SQL Server Très bon niveau SQL (requêtage, création et modification de procédures stockées) Connaissance de la plateforme Cognos, de son administration, des outils périphériques Connaissance de Tableau (Prep, Server et Desktop) Capacité à traiter des problématiques d’optimisation dans un contexte BI soumis à une forte pression de résultats rapides. Compétences organisationnelles : Capacité à piloter et communiquer avec les différentes équipes/interlocuteurs. Capacité à s’organiser et compétence sur les outils de communication, de conduite projet et de partage d’informations. Compétence(s) appréciée(s) : Connaissance d’autres technologies (Tableau/PBI/…) Anglais Connaissance du monde transport & logistique dans un contexte international. Descriptif détaillé de la mission : Environnement technique de la mission : Développement et maintenance évolutive des solutions BI et de reporting en relation avec les équipes AMOA BI, Data BI, IT et des keys-users. Centralisation et analyse des besoins exprimés Conception et modélisation de solutions BI Evolution des rapports et packages, & éventuellement des traitements d’alimentation. Rédaction de documents/spécifications techniques. +++++COGNOS BI 11 (Framework Manager, Report Studio, Transformer) +++SQL SERVER 2016 – 2019 +++ SQL/T-SQL ++Microsoft SSIS ++Tableau Desktop, Tableau Prep, Tableau Server + SDK Profil o Rigoureux o Autonome o Esprit d’analyse et de synthèse o Bon relationnel o Force de proposition et implication o Esprit et goût du travail en équipe Lieu de la mission : Puteaux/ Télétravail Partiel / Agile / Secteur non financier","Paris, France","50k-73k €⁄an, 550-650 €⁄j",https://www.free-work.com/fr/tech-it/consultant/job-mission/expert-cognos-5,"
      Freelance
     
      CDI
    "
"
      CONSULTANT TECHNQUE BI DATA EXPERT SSIS SQL SERVEUR AZURE DEVOPS
    ","PROPULSE IT accompagne ses clients grands comptes et PME dans la mise en œuvre des projets It et digitaux. PROPULSE IT est un réseau de consultants à forte valeur ajoutée, complètement associé à notre démarche qualité de suivi des besoins et projets de nos clients. A ce jour, le réseau de freelance PROPULSE IT comporte plus de 18000 consultants sur toute la France, et couvre l'ensemble des besoins IT et digitaux. En constituant ce réseau par cooptation de clients ou de consultants, nous avons privilégié la constance dans le savoir-faire technique et le savoir-être, pour devenir un véritable partenaire privilégié de nos clients. Parallèlement, nous savons développé un réseau de partenaires sélectionnées pour leur expertise technique, et l'adhésion aux valeurs de notre entreprise. Aujourd'hui PROPULSE IT est une société en pleine croissance organique, Champion de la Croissance du journal Les Echos 4 années consécutives. Ce développement s'appuie sur la qualité et la pérennité des missions réalisées. La satisfaction client est ainsi liée à l'épanouissement des consultants ! Alors, n'hésitez pas à postuler ! CONSULTANT BI DATA EXPERT SSIS SQL SERVEUR AZURE DEVOPS Expérience ciblée : PLUS DE 10 ANS Compétences impératives - Compétences techniques : Conception / Modélisation BI (Flux & modèles de données) Expériences significatives sur la mise en place complète de projets BI Data ETL (conception, modélisation, réalisation) et sur le RUN en environnement Full Microsoft (SSIS, SQL Server : Modélisation, procédures stockées, optimisation SQL, etc.). Connaissance et mise en œuvre de la suite Microsoft AZURE DEVOPS (Git, Board Agile, Pipeline de déploiement CI/CD). Anglais professionnel courant - Compétences organisationnelles Expérience significative sur l'implémentation de projets BI d'intégration de données (datawarehouse & datamarts) Avoir la capacité de mener des mini-projets en autonomie tout en étant accompagné par un(e) maitrise d'ouvrage et/ou le métier. Capacité à s'organiser, à s'adapter sur les priorités, à synthétiser l'état d'avancement de ses activités et à remonter les alertes si besoin. - Compétence(s) appréciée(s) : Outils de reporting BI : TABLEAU, IBM Cognos, Power BI Habitué aux relations avec des partenaires offshore Certifications sur la suite MSBI - Descriptif détaillé de la mission : Assurer le RUN des applications existantes (ETL, Bases de données, support niveau 3) Comprendre les enjeux métier, problématiques à résoudre et opportunités à concrétiser. Echanger et challenger les besoins métiers avec les équipes AMOA BI en tenant compte des contraintes techniques. Proposer, concevoir et spécifier des solutions techniques viables, évolutives et tenant compte de l'existant. Rédaction des documents techniques (spécification techniques, document d'exploitation...etc). Conseiller, proposer des axes d'amélioration, alerter si besoin. - Environnement technique de la mission : Socle Data : SSIS, SQLServer (2016), procédures stockées, Azure DevOps (Git, Board Agile, Pipeline de déploiement CI/CD) Reporting : COGNOS BI 10.2 et 11 & Tableau Date début de mission : ASAP Durée estimée de la mission : longue - 3 mois (renouvelables) Excellent niveau technique sur la partie Data MSBI - SSIS - SQL Server - Azure Devops Bon relationnel, sens de la communication, qualité d'expression orale et écrite, appétence au travail collaboratif et aux problématiques fonctionnelles Être force de proposition Méthodologie, organisation, rigueur Capacité de synthèse et d'analyse Capacité à travailler en équipe, à s'adapter à différents interlocuteurs, sens du service, écoute, humilité et ouverture d'esprit. Anglais courant","Nanterre, Île-de-France",,https://www.free-work.com/fr/tech-it/administrateur-sql/job-mission/consultant-technque-bi-data-expert-ssis-sql-serveur-azure-devops-12,"
      Freelance
    "
"
      Chef de projet SINE Application SAS-plannification-Microsoft  - Aix en Provence
    ","Chef de projet SINE Application SAS-plannification-Microsoft Aix en Provence Assiter le responsable applicatifs et environnements collaboratifs  dans l’amélioration continue de processus de pilotage des projets.Prendre en charge (préparation, animation,compte-rendu) des revues d’études et ou projets,en produidre une analyse synthétique avec mise en exergue des points saillants et propositions d’améliorations . Assister les developpeurs dans la gestion du besoin, et la TMA. Etre en liaison avec L’AMOA la MOA, et SSI afin de bien comprendre les besoins sur les projets. Suivre la Capacité à faire « build » et « run » et instruire les eventuelles alertes. Produire un reporting régulier Application SAS-plannification-Microsoft Chef de projet SINE Assiter le responsable applicatifs et environnements collaboratifs  dans l’amélioration continue de processus de pilotage des projets.Prendre en charge (préparation, animation,compte-rendu) des revues d’études et ou projets,en produidre une analyse synthétique avec mise en exergue des points saillants et propositions d’améliorations . Assister les developpeurs dans la gestion du besoin, et la TMA. Etre en liaison avec L’AMOA la MOA, et SSI afin de bien comprendre les besoins sur les projets. Suivre la Capacité à faire « build » et « run » et instruire les eventuelles alertes. Produire un reporting régulier Application SAS-plannification-Microsoft Chef de projet SINE Application SAS-plannification-Microsoft Assiter le responsable applicatifs et environnements collaboratifs  dans l’amélioration continue de processus de pilotage des projets. Prendre en charge (préparation, animation,compte-rendu) des revues d’études et ou projets,en produidre une analyse synthétique avec mise en exergue des points saillants et propositions d’améliorations . Assister les developpeurs dans la gestion du besoin, et la TMA. Etre en liaison avec L’AMOA la MOA, et SSI afin de bien comprendre les besoins sur les projets. Suivre la Capacité à faire « build » et « run » et instruire les eventuelles alertes. Produire un reporting régulier Application SAS-plannification-Microsoft","Aix-en-Provence, Provence-Alpes-Côte d'Azur",370-440 €⁄j,https://www.free-work.com/fr/tech-it/consultant-bi/job-mission/chef-de-projet-sine-application-sas-plannification-microsoft-aix-en-provence-1,"
      Freelance
    "
"
      EXPERT DATA BI SSIS SQL SERVER AZURE DEVOPS
    ","PROPULSE IT accompagne ses clients grands comptes et PME dans la mise en œuvre des projets It et digitaux. PROPULSE IT est un réseau de consultants à forte valeur ajoutée, complètement associé à notre démarche qualité de suivi des besoins et projets de nos clients. A ce jour, le réseau de freelance PROPULSE IT comporte plus de 18000 consultants sur toute la France, et couvre l'ensemble des besoins IT et digitaux. En constituant ce réseau par cooptation de clients ou de consultants, nous avons privilégié la constance dans le savoir-faire technique et le savoir-être, pour devenir un véritable partenaire privilégié de nos clients. Parallèlement, nous savons développé un réseau de partenaires sélectionnées pour leur expertise technique, et l'adhésion aux valeurs de notre entreprise. Aujourd'hui PROPULSE IT est une société en pleine croissance organique, Champion de la Croissance du journal Les Echos 4 années consécutives. Ce développement s'appuie sur la qualité et la pérennité des missions réalisées. La satisfaction client est ainsi liée à l'épanouissement des consultants ! Alors, n'hésitez pas à postuler ! Pour l'un de nos client basé à La Defense, nous recherchons un expert Microsoft BI très orienté Data sur l'ETL SSIS et T/SQL pour une mission très orientée optimisation et Run avec cependant quelques projets en parallèle : Consultant MOE BI / Domaine Socle Data / Domaine : Etudes et Intégration / Ingénierie d'Etude / Conception ? Descriptif détaillé de la mission : ? Assurer le RUN des applications existantes (ETL, Bases de données, support niveau 3) ? Comprendre les enjeux métier, problématiques à résoudre et opportunités à concrétiser. ? Echanger et challenger les besoins métiers avec les équipes AMOA BI en tenant compte des contraintes techniques. ? Proposer, concevoir et spécifier des solutions techniques viables, évolutives et tenant compte de l'existant. ? Rédaction des documents techniques (spécification techniques, document d'exploitation...etc). ? Conseiller, proposer des axes d'amélioration, alerter si besoin. ? Environnement technique de la mission : ? Socle Data : SSIS, SQLServer (2016), procédures stockées, Azure DevOps (Git, Board Agile, Pipeline de déploiement CI/CD) ? Reporting : COGNOS BI 10.2 et 11 & Tableau Consultant technique expert Microsoft BI et particulièrement sur la partie ETL SSIS et base de données SQL Server versions 2016 à 2019 Expérience minimum de 10 ans sur la cible des tâches et technologies listées ? Compétences impérativeS ? Compétences techniques ? Conception / Modélisation BI (Flux & modèles de données) ? Expériences significatives sur la mise en place complète de projets BI Data ETL (conception, modélisation, réalisation) et sur le RUN en environnement Full Microsoft (SSIS, SQL Server : Modélisation, procédures stockées, optimisation SQL, etc.). ? Connaissance et mise en œuvre de la suite Microsoft AZURE DEVOPS (Git, Board Agile, Pipeline de déploiement CI/CD). ? Anglais professionnel COURANT. ? Compétences organisationnelles ? Expérience significative sur l'implémentation de projets BI d'intégration de données (datawarehouse & datamarts) ? Avoir la capacité de mener des mini-projets en autonomie tout en étant accompagné par un(e) maitrise d'ouvrage et/ou le métier. ? Capacité à s'organiser, à s'adapter sur les priorités, à synthétiser l'état d'avancement de ses activités et à remonter les alertes si besoin. ? Profil ? Bon relationnel, sens de la communication, qualité d'expression orale et écrite, appétence au travail collaboratif et aux problématiques fonctionnelles ? Être force de proposition ? Méthodologie, organisation, rigueur ? Capacité de synthèse et d'analyse ? Capacité à travailler en équipe, à s'adapter à différents interlocuteurs, sens du service, écoute, humilité et ouverture d'esprit. ? Compétence(s) appréciée(s) : ? Technologies Reporting BI : TABLEAU, IBM Cognos ? Travail avec un partenaire offshore ? Certifications sur la suite MSBI","La Défense, Île-de-France",,https://www.free-work.com/fr/tech-it/administrateur-sql/job-mission/expert-data-bi-ssis-sql-server-azure-devops,"
      Freelance
    "
"
      Consultant SSI 
    ","IMPORTANT MISSION à TOULOUSE 3 jours sur site OBLIGATOIRE Sensibilisation: Réalisation de la logistique des sensibilisations (invitation, relance, suivi) (50% de l'activité) Pour une population d'environ 5100 personnes, sur des thématiques liées aux nouveaux arrivants, aux données monétiques, aux développeurs Participation à la création du plan de sensibilisation annuel Participation à la réalisation des supports de sensibilisation Participation aux commissions sensibilisation Groupe Participation à la réalisation des reportings sur l'activité Habilitations Traitement en niveau 2 les demandes d'habilitation sur les profils sensibles (challenger le besoin si besoin) Participation aux comités habilitations internes Participation à la réalisation des reportings sur l'activité Faire évoluer les processus et les MOP de l'activité Demandes d'exception sécurité Traiter en niveau 2 les demandes d'exception sécurité (installation d'outil, ouverture de flux, copie de données, …) Participation à la réalisation des reportings sur l'activité Faire évoluer et participer à la rédaction des processus et des MOPs de l'activité En fonction des besoins du service possibilité de participer aux autres activités du service La mission peut être étendue aux autres activité de Gouvernance SSI du service Poste à forte consonance administrative, avec une très grosse utilisation de Excel. Une connaissance de Power Bi serait un plus Nous attendons du collaborateur une grande rigueur et une grande pugnacité dans le cadre de la logistique des sensibilisation. Également un bon esprit de synthèse pour proposer des reporting en phase avec l’audience adressée. Ne pas hésiter à être force de proposition pour faire évoluer les processus, MOP et reporting. Connaissance approfondie des processus de sécurité : Compréhension des alertes et incidents de sécurité, gestion des habilitations, et traitement des demandes d'exception sécurité. Compétences en logistique et organisation : Aptitude à organiser et exécuter la logistique des sessions de sensibilisation, incluant les invitations, les relances, et le suivi. Maîtrise des outils de bureautique : Excellente maîtrise d'Excel pour la gestion des données, l'analyse et le reporting. La connaissance de Power BI est un plus pour la création de rapports dynamiques et interactifs. Rédaction de processus et de MOP (Mode Opératoire Standard) : Capacité à rédiger, réviser, et améliorer les processus et les MOP liés à l'activité de sécurité. Rigueur et pugnacité : Important pour gérer efficacement la logistique des sensibilisations et assurer le suivi rigoureux des alertes et des incidents. Esprit de synthèse : Essentiel pour créer des reportings clairs et pertinents, adaptés à l'audience visée. Proactivité : Capacité à être force de proposition pour l'amélioration continue des processus, des MOP, et des méthodes de reporting. Capacité à travailler en équipe et communication : Travailler efficacement au sein d'une équipe multidisciplinaire et communiquer efficacement avec les différentes parties prenantes. Télé travail 2 JRS par semaine","Toulouse, Occitanie","10k-55k €⁄an, 100-550 €⁄j",https://www.free-work.com/fr/tech-it/consultant/job-mission/consultant-ssi-5,"
      Freelance
     
      CDI
    "
"
      Expert Cybersécurité - Pilote d'Audit  H/F
    ","Notre client dans le secteur Assurance recherche un/une Expert Cybersécurité - Pilote d'Audit          H/F Description de la mission: Dans le cadre de l’équipe de pilotage d’audit SSI du groupe , fort d’une feuille de route ambitieuse pour l’année 2024.  Les principales missions seront : •	Suivre la feuille de route des contrôles SSI du groupe  •	Définir le contexte de l’audit avec nos relais cybersécurités et les équipes techniques •	Préparer et animer les différentes réunions (cadrage, audit, restitution…) •	Assurer la planification du contrôle et de son organisation du point de vue administratif et matériel •	D’alerter sur les dérives à votre référent •	Effectuer le reporting à travers la réunion hebdomadaire du service  Livrables attendus : •	Apporter un regard neuf sur le processus •	Proposer des idées de contrôles récurrents (automatisation) •	Rédiger le cadrage des contrôles avec nos cabinets d’audits •	Suivi de l’avancer des audits ainsi que de rédiger les comptes rendus des réunions    Compétences : •	Avoir déjà encadré ou réalisé des audits techniques (3 ans) •	Avoir de l’expérience dans le domaine informatique (5 ans) •	Pentester voulant apprendre le pilotage serait un plus •	Formation ISO 27001 lead auditor serait un plus Compétences / Qualités indispensables : cybersécurité Compétences / Qualités qui seraient un + : ISO 27001 connaissance du secteur de l'assurance Informations concernant le télétravail : 3 jours sur site  2 jours de TT •        Avoir déjà encadré ou réalisé des audits techniques (3 ans) •        Avoir de l’expérience dans le domaine informatique (5 ans) •        Pentester voulant apprendre le pilotage serait un plus •        Formation ISO 27001 lead auditor serait un plus •        Suivre la feuille de route des contrôles SSI du groupe •        Définir le contexte de l’audit avec nos relais cybersécurités et les équipes techniques •        Préparer et animer les différentes réunions (cadrage, audit, restitution…) •        Assurer la planification du contrôle et de son organisation du point de vue administratif et matériel •        D’alerter sur les dérives à votre référent •        Effectuer le reporting à travers la réunion hebdomadaire du service","Paris, France",500-650 €⁄j,https://www.free-work.com/fr/tech-it/ingenieur-en-cybersecurite/job-mission/expert-cybersecurite-pilote-daudit-h-f,"
      Freelance
    "
"
      Consultant conformité SSI
    ","Le consultant conformité SSI assure le suivi des recommandations en sécurité des systèmes d'information (SSI). Dans la DCRN, notamment dans la Division GRC, il identifie les sources de recommandations (audits SSI, contrôles internes, etc.), évalue leur pertinence et collabore avec les parties prenantes pour garantir la conformité aux normes et réglementations en matière de SSI.` Particulièrement, le consultant conformité est amené à travailler sur le suivi des recommandations SSI. La Société devra fournir les prestations suivantes : Particulièrement, le consultant conformité est amené à travailler sur le suivi des recommandations SSI. Dans le cadre de la DCRN (Direction Cybersécurité et Risques Numériques) et plus particulièrement dans la Division GRC (Gouvernance, Risques, Conformité SSI) en charge de la mise en conformité aux réglementations internes et externes cyber. La Société devra fournir les prestations suivantes : - Identification des sources de recommandations (ex. : Audits SSI, campagnes de contrôle interne SSI, audit interne, contrôles réalisés par les régulateurs, etc.). Centralisation des recommandations existantes : - Alimentation d’une base centrale reprenant l’ensemble des recommandations SSI émises - Identification des collaborateurs concernés par les recommandationsSuivi des recommandations : - Suivi dans le temps de l’état de la recommandation : analyse des travaux menés et du reste à faire - Animation d’ateliers avec les collaborateurs concernés par les recommandations - Récolte et analyse des preuves - Clôture des recommandations","Paris, France",100-530 €⁄j,https://www.free-work.com/fr/tech-it/consultant/job-mission/consultant-conformite-ssi-2,"
      Freelance
    "
"
      Consultant SSI 
    ","IMPORTANT MISSION à TOULOUSE 3 jours sur site OBLIGATOIRE Sensibilisation: Réalisation de la logistique des sensibilisations (invitation, relance, suivi) (50% de l'activité) Pour une population d'environ 5100 personnes, sur des thématiques liées aux nouveaux arrivants, aux données monétiques, aux développeurs Participation à la création du plan de sensibilisation annuel Participation à la réalisation des supports de sensibilisation Participation aux commissions sensibilisation Groupe Participation à la réalisation des reportings sur l'activité Habilitations Traitement en niveau 2 les demandes d'habilitation sur les profils sensibles (challenger le besoin si besoin) Participation aux comités habilitations internes Participation à la réalisation des reportings sur l'activité Faire évoluer les processus et les MOP de l'activité Demandes d'exception sécurité Traiter en niveau 2 les demandes d'exception sécurité (installation d'outil, ouverture de flux, copie de données, …) Participation à la réalisation des reportings sur l'activité Faire évoluer et participer à la rédaction des processus et des MOPs de l'activité En fonction des besoins du service possibilité de participer aux autres activités du service La mission peut être étendue aux autres activité de Gouvernance SSI du service Poste à forte consonance administrative, avec une très grosse utilisation de Excel. Une connaissance de Power Bi serait un plus Nous attendons du collaborateur une grande rigueur et une grande pugnacité dans le cadre de la logistique des sensibilisation. Également un bon esprit de synthèse pour proposer des reporting en phase avec l’audience adressée. Ne pas hésiter à être force de proposition pour faire évoluer les processus, MOP et reporting. Connaissance approfondie des processus de sécurité : Compréhension des alertes et incidents de sécurité, gestion des habilitations, et traitement des demandes d'exception sécurité. Compétences en logistique et organisation : Aptitude à organiser et exécuter la logistique des sessions de sensibilisation, incluant les invitations, les relances, et le suivi. Maîtrise des outils de bureautique : Excellente maîtrise d'Excel pour la gestion des données, l'analyse et le reporting. La connaissance de Power BI est un plus pour la création de rapports dynamiques et interactifs. Rédaction de processus et de MOP (Mode Opératoire Standard) : Capacité à rédiger, réviser, et améliorer les processus et les MOP liés à l'activité de sécurité. Rigueur et pugnacité : Important pour gérer efficacement la logistique des sensibilisations et assurer le suivi rigoureux des alertes et des incidents. Esprit de synthèse : Essentiel pour créer des reportings clairs et pertinents, adaptés à l'audience visée. Proactivité : Capacité à être force de proposition pour l'amélioration continue des processus, des MOP, et des méthodes de reporting. Capacité à travailler en équipe et communication : Travailler efficacement au sein d'une équipe multidisciplinaire et communiquer efficacement avec les différentes parties prenantes. Télé travail 2 JRS par semaine","Toulouse, Occitanie","10k-55k €⁄an, 100-550 €⁄j",https://www.free-work.com/fr/tech-it/consultant/job-mission/consultant-ssi-6,"
      Freelance
     
      CDI
    "
"
      Pilote SSI
    ","Bonjour, je recherche pour l’un de mes clients un(e) Pilote SSI. Tâches : suivre la feuille de route des contrôles SSI du client définir le contexte de l’audit avec les relais cybersécurités et les équipes techniques préparer et animer les différentes réunions (cadrage, audit, restitution ) assurer la planification du contrôle et de son organisation du point de vue administratif et matériel alerter sur les dérives effectuer le reporting à travers la réunion hebdomadaire du service N’hésitez pas à revenir vers moi pour des informations complémentaires. La réussite d’une entreprise repose sur le travail de ses collaborateurs. Chez TEKsystems , nous comprenons les personnes. Chaque année, nous plaçons plus de 80 000 professionnels de l’informatique, dont plusieurs milliers en CDI à travers le monde. Notre connaissance approfondie de la gestion du capital humain nous permet d’aider nos clients à atteindre leurs objectifs métier, tout en optimisant leurs stratégies en matière de personnel informatique","Niort, Nouvelle-Aquitaine",400-550 €⁄j,https://www.free-work.com/fr/tech-it/pupitreur-pilote/job-mission/pilote-ssi,"
      Freelance
    "
"
      RSSI de transition (H/F)
    ","Pour l'un de nos clients grand compte situé en Ile-de-France, dans le cadre d'une mission de longue durée permettant du télétravail, nous recherchons un RSSI de transition. Ses missions : Cartographie des systèmes Gestion des risques Contrôle interne Pilotage des audit Faire appliquer et contrôler l’application des standards : •Application des politiques / directives •Définition et mise en œuvre des plans d’actions •Intégration de la sécurité dans les projets •Réglementation Participer à la sensibilisation Participer à la stratégie Cybersécurité Gestion de crise Un bon niveau d'anglais est requis. Pour l'un de nos clients grand compte situé en Ile-de-France, dans le cadre d'une mission de longue durée permettant du télétravail, nous recherchons un RSSI de transition. Ses missions : Cartographie des systèmes Gestion des risques Contrôle interne Pilotage des audit Faire appliquer et contrôler l’application des standards Participer à la sensibilisation Participer à la stratégie Cybersécurité Gestion de crise Un bon niveau d'anglais est requis. Pour l'un de nos clients grand compte situé en Ile-de-France, dans le cadre d'une mission de longue durée permettant du télétravail, nous recherchons un RSSI de transition. Ses missions : Cartographie des systèmes Gestion des risques Contrôle interne Pilotage des audit Faire appliquer et contrôler l’application des standards Participer à la sensibilisation Participer à la stratégie Cybersécurité Gestion de crise Un bon niveau d'anglais est requis.","Paris, France",100-700 €⁄j,https://www.free-work.com/fr/tech-it/autre/job-mission/rssi-de-transition-h-f-1,"
      Freelance
    "
"
      Pilote SSI
    ","Bonjour, je recherche pour l’un de mes clients un(e) Pilote SSI. Tâches : suivre la feuille de route des contrôles SSI du client définir le contexte de l’audit avec les relais cybersécurités et les équipes techniques préparer et animer les différentes réunions (cadrage, audit, restitution ) assurer la planification du contrôle et de son organisation du point de vue administratif et matériel alerter sur les dérives effectuer le reporting à travers la réunion hebdomadaire du service N’hésitez pas à revenir vers moi pour des informations complémentaires. La réussite d’une entreprise repose sur le travail de ses collaborateurs. Chez TEKsystems , nous comprenons les personnes. Chaque année, nous plaçons plus de 80 000 professionnels de l’informatique, dont plusieurs milliers en CDI à travers le monde. Notre connaissance approfondie de la gestion du capital humain nous permet d’aider nos clients à atteindre leurs objectifs métier, tout en optimisant leurs stratégies en matière de personnel informatique","Niort, Nouvelle-Aquitaine",,https://www.free-work.com/fr/tech-it/pupitreur-pilote/job-mission/pilote-ssi-1,"
      Freelance
    "
"
      Expert Cybersécurité RUN SOC
    ","Dans le cadre de l'équipe de détection et de réaction aux incidents de cybersécurité. Cette équipe réalise les missions de détection, de qualification, d'analyse et de traitement des incidents de sécurité. Les principales missions : • Surveillance permanente et proactive des menaces et des vulnérabilités • Analyser des risques et des impacts dans le contexte du client • Élaborer, piloter et mettre en œuvre des plans de remédiation • Gestion des incidents et des demandes : • Prise en compte, analyse et remédiation des incidents de sécurité déclarés par les utilisateurs ou par nos partenaires de cybersurveillance • Pilotage des actions opérationnelles du processus de gestion de crise en cas d’incident majeur de cybersécurité • Gestion des boites mails • Traitement des demandes sur les éventuels projets du groupe • Traitement des spams • Gestion des problèmes de sécurité • Amélioration continue de la sécurité des SI au travers la gestion de problèmes de sécurité issus des Post-Mortem, des vulnérabilités La Société devra fournir les prestations suivantes : • Gestion des incidents et des demandes de sécurité : enregistrement, qualification, analyse, diagnostic, suivi et clôture • Expertise dans le traitement des incidents et contribution au renforcement des bonnes pratiques d’investigation dans l’équipe • Proposition d'amélioration continue des outils et process Connaissances souhaitées sur les logiciels suivant : • ITSM (Service Now) • SIEM (Splunk) • SOAR • EDR (Defender et Crowdstrike) • Scanner de vulnérabilité (Tenable) Compte tenu du rôle d’expert RUN SOC/CSIRT attendu de cette prestation, une expérience significative est attendue. Dans le cadre de l'équipe de détection et de réaction aux incidents de cybersécurité. Cette équipe réalise les missions de détection, de qualification, d'analyse et de traitement des incidents de sécurité. Les principales missions : • Surveillance permanente et proactive des menaces et des vulnérabilités • Analyser des risques et des impacts dans le contexte du client • Élaborer, piloter et mettre en œuvre des plans de remédiation • Gestion des incidents et des demandes : • Prise en compte, analyse et remédiation des incidents de sécurité déclarés par les utilisateurs ou par nos partenaires de cybersurveillance • Pilotage des actions opérationnelles du processus de gestion de crise en cas d’incident majeur de cybersécurité • Gestion des boites mails • Traitement des demandes sur les éventuels projets du groupe • Traitement des spams • Gestion des problèmes de sécurité • Amélioration continue de la sécurité des SI au travers la gestion de problèmes de sécurité issus des Post-Mortem, des vulnérabilités","Le Mans, Pays de la Loire",250-630 €⁄j,https://www.free-work.com/fr/tech-it/ingenieur-en-cybersecurite/job-mission/expert-cybersecurite-run-soc,"
      Freelance
    "
"
      Chef de projet technique SOC - TEMPS PARTIEL (H/F)
    ","Pour l’un de nos clients grand compte basé en IDF, dans le cadre d’une mission longue durée, nous recherchons un Chef de projet technique SOC à temps partiel . Missions : Pilotage projet intégration, amélioration continue, automatisation Suivi des avancées du projet Suivi et proposition de points d’amélioration / de solutions sur les problématiques rencontrées par le CERT Animations de réunions et d’ateliers en anglais Mise en place méthodologie traitement des incidents Profil recherché : Chef de projet 5 ans d’expérience minimum au sein d’un SOC ou CERT Bonne connaissance sur la partie réponse à incident et investigation Profil ayant un regarde technique Anglais courant indispensable EDR Sentinel One PaloAltro XSOAR Profil recherché : Chef de projet 5 ans d’expérience minimum au sein d’un SOC ou CERT Bonne connaissance sur la partie réponse à incident et investigation Profil ayant un regarde technique Anglais courant indispensable EDR Sentinel One PaloAltro XSOAR Missions : Pilotage projet intégration, amélioration continue, automatisation Suivi des avancées du projet Suivi et proposition de points d’amélioration / de solutions sur les problématiques rencontrées par le CERT Animations de réunions et d’ateliers en anglais Mise en place méthodologie traitement des incidents","Paris, France",300-3k €⁄j,https://www.free-work.com/fr/tech-it/assistant-chef-de-projet/job-mission/chef-de-projet-technique-soc-2,"
      Freelance
    "
"
      Expert Cybersécurité (Run SOC)
    ","Les principales missions : Surveillance permanente et proactive des menaces et des vulnérabilités Analyser des risques et des impacts dans le contexte du client Élaborer, piloter et mettre en œuvre des plans de remédiation Gestion des incidents et des demandes : Prise en compte, analyse et remédiation des incidents de sécurité déclarés par les utilisateurs ou par nos partenaires de cybersurveillance Pilotage des actions opérationnelles du processus de gestion de crise en cas d’incident majeur de cybersécurité Gestion des boites mails Traitement des demandes sur les éventuels projets du groupe Traitement des spams Gestion des problèmes de sécurité Amélioration continue de la sécurité des SI au travers la gestion de problèmes de sécurité issus des Post-Mortem, des vulnérabilités Connaissances souhaitées sur les logiciels suivant : ITSM (Service Now) SIEM (Splunk) SOAR EDR (Defender et Crowdstrike) Scanner de vulnérabilité (Tenable) Compte tenu du rôle d’expert RUN SOC/CSIRT attendu de cette prestation, une expérience significative est attendue. Dans le cadre de l'équipe de détection et de réaction aux incidents de cybersécurité. Cette équipe réalise les missions de détection, de qualification, d'analyse et de traitement des incidents de sécurité.","Le Mans, Pays de la Loire",600-650 €⁄j,https://www.free-work.com/fr/tech-it/ingenieur-en-cybersecurite/job-mission/expert-cybersecurite-run-soc-1,"
      Freelance
    "
"
      Analyste SOC confirmé
    ","Pour l’un de nos clients grand compte basé à Paris, dans le cadre d’une mission longue durée, nous recherchons un Analyste SOC. Profil recherché : Analyste SOC Expert  Qradar Bonnes connaissances : AntiDDOS, Proxy, EDR, antivirus Bonne connaissance du Framework MITRE Attack Connaissance : Cloud AWS et Azure Missions: Analyse des incidents de sécurité Participation aux analyses de risques Création et MAJ des procédures SOC Création de playbooks Amélioration continue de la détéction Création de règles de corrélation Mapping avec le Framework MITRE Définition des use case de surveillance Définition des bonnes pratiques Profil recherché : Analyste SOC Expert  Qradar Bonnes connaissances : AntiDDOS, Proxy, EDR, antivirus Bonne connaissance du Framework MITRE Attack Connaissance : Cloud AWS et Azure Missions: Analyse des incidents de sécurité Participation aux analyses de risques Création et MAJ des procédures SOC Création de playbooks Amélioration continue de la détéction Création de règles de corrélation Mapping avec le Framework MITRE Définition des use case de surveillance Définition des bonnes pratiques","Paris, France",380-3k €⁄j,https://www.free-work.com/fr/tech-it/analyste/job-mission/analyste-soc-confirme,"
      Freelance
    "
"
      Ingénieur SOC
    ","Vous aurez en charge pour cette mission de : Détecter et gérer les incidents de sécurité remontés par le SIEM, par mail, téléphone Prendre en compte les alertes et des incidents de sécurité et les traiter en relation avec les équipes sécurité des entités du groupe Evaluer les risques et cyber menaces pouvant impacter l’entreprise et mettre en oeuvre les moyens de détection associés Threat Intelligence: Analyse et veille des menaces Implémenter et améliorer des règles de détection Documenter les playbooks de réponse à incidents Threat Hunting: Vous recherchez des intrusions sur le SI de l’entreprise, incluant l’environnement Office 365, Cloud AWS et Microsoft Azure- Expériences dans les outils EDR Effectuer des analyses Forensics Communiquer avec l’ensemble des entités opérationnelles de sécurité dugroupe Les livrables : Ticket Resilient de gestion des incidents Implémentation Règles de détection Splunk Documentation des règles de détection Documentation des Playbooks de réponse à incident Analyse des menaces et couverture des menaces par les règles de détection 2 jours de télétravail par semaine Mission basée à Paris la Défense Nous sommes une entreprise du service numérique (ESN) française, créée en 2018. Nous aidons nos clients à saisir l’ensemble des opportunités que présentent le cloud, le digital, les plateformes afin de leur garantir un avenir durable. Repenser son modèle demande une réflexion dans son ensemble. Le digital et l’innovation sont les piliers de la création de valeur, c’est pourquoi chez Octogone, nous cherchons à avoir une approche globale en mixant conseils sur les stratégies et services sur mesure. Nous voulons définir avec vous, par le biais de l’informatique, une organisation permettant de renforcer votre efficacité et vos positions concurrentielles. Depuis 2018, Octogone a pour ambition de transformer la manière de travailler en accompagnant les entreprises par le biais de consultants spécialisés. Nous voulons aider les sociétés à repenser leur business model et à développer une intelligence collective pour leur permettre de devenir des acteurs plus agiles.","Paris, France",,https://www.free-work.com/fr/tech-it/ingenieur/job-mission/ingenieur-soc-9,"
      Freelance
    "
"
      Analyste soc N3 Qradar
    ","Contexte de la mission Le TITULAIRE intègre le groupe SOC et prend en charge : l'analyse d’incidents de sécurité du Système d'Information de l’ENTREPRISE, la coordination des actions et l’intervention dans les résolutions en préconisant/réalisant des actions de mitigation et de remédiation ; la réalisation d'amélioration continue de la détection via la mise en place de nouvelles règles / politiques ; la surveillance et analyse des cybermenaces et plan d’actions associé (solution corrective, réduction du risques, évolution des règles, etc) l’intégration à la surveillance SOC et SIEM de nouveaux SI (métier ou infrastructure) ; la participation aux analyses de risques avec les RSSI ou responsables métier ; la réalisation ou la mise à jour de procédures SOC la réalisation de reporting l’élaboration éventuelle de playbook d'automatisation du traitement des alertes de note SOAR Analyste soc n3 qradar obligatoire. Le TITULAIRE doit avoir des connaissances générales sur le domaine de la cybersécurité. Le TITULAIRE doit avoir une expérience significative sur le traitement des alertes provenant d’une des solutions de SIEM du marché. Le TITULAIRE doit avoir une expérience significative sur l’analyse des journaux de systèmes d’exploitation, de middlewares ou d’infrastructures","Paris, France",100-600 €⁄j,https://www.free-work.com/fr/tech-it/analyste/job-mission/analyste-soc-n3-qradar-3,"
      Freelance
    "
"
      Expert Coordinateur Sécurité
    ","Contexte de la mission : Dans le cadre de l’entité Conseil Cyber des Applications (CCA) recherche  un Coordinateur cyber sécurité, pour l’accompagnement des projets métiers et d’infrastructures. MISSIONS : Contribuer à la sécurisation et au maintien de la sécurité cyber du SI. Le coordinateur cyber devra : • Gérer la relation avec le domaine dont il aura la charge, en : • Prenant en compte tous les sujets du périmètre SI concerné, • Conseillant sur un prisme Cybersécurité ses interlocuteurs métiers/techniques, • Identifiant et rendant compte des évolutions et vulnérabilités du périmètre SI concerné. • Réaliser l’Intégration de la Sécurité dans les Projets et le reporting de son domaine de responsabilité : • En prenant en charge et en accompagnant toutes les sollicitations Cybersécurité qu’il adresse (projet ; demandes hors projet; qualification de la maturité cyber des tiers; demandes; problèmes; incidents; dérogations; etc. …), • En étant garant de la production et de la qualité des livrables de Sécurité, de la complétion et de la complétude des référentiels cyber, • En réalisant le reporting Sécurité de son domaine (ISP, GRC, Application…. Tbd). • Participer aux divers réunions et comités • En rendant compte de son activité au pilote d’activité, • En préparant et présentant les rapports d’activité du domaine concerné aux comités de management, • En participant aux comitologies projets de son périmètre/domaine, à des groupes de travail sur des sujets d’intérêt (organisation, architecture…), aux réunions organisées par le pôle, • En représentant la DCRN dans la comitologie projet de la DSIN. • Conseillant sur un prisme Cybersécurité ses interlocuteurs métiers/techniques, • Identifiant et rendant compte des évolutions et vulnérabilités du périmètre SI concerné. • Réaliser l’Intégration de la Sécurité dans les Projets et le reporting de son domaine de responsabilité : • En prenant en charge et en accompagnant toutes les sollicitations Cybersécurité qu’il adresse (projet ; demandes hors projet; qualification de la maturité cyber des tiers; demandes; problèmes; incidents; dérogations; etc. …), • En étant garant de la production et de la qualité des livrables de Sécurité, de la complétion et de la complétude des référentiels cyber, • En réalisant le reporting Sécurité de son domaine (ISP, GRC, Application…. Tbd). • Participer aux divers réunions et comités • En rendant compte de son activité au pilote d’activité, • En préparant et présentant les rapports d’activité du domaine concerné aux comités de management, • En participant aux comitologies projets de son périmètre/domaine, à des groupes de travail sur des sujets d’intérêt (organisation, architecture…), aux réunions organisées par le pôle, • En représentant la DCRN dans la comitologie projet de la DSIN.","Niort, Nouvelle-Aquitaine",100-600 €⁄j,https://www.free-work.com/fr/tech-it/administrateur-securite/job-mission/expert-coordinateur-securite,"
      Freelance
    "
"
      Architecture et pilotage Cyber Sécurité SENIOR
    ","Dans un contexte de transformation digitale marqué par les nouvelles technologies (Chatbot, Datascience, Cloud) et les nouvelles méthodes de travail (comme l'agilité), nous souhaitons renforcer l’équipe du RSI. Nous cherchons des profils curieux, ouverts à l'innovation, motivés par le changement et engagés dans la transformation. Le service Sécurité SSI a pour objectif de : - Sensibiliser et former à la sécurité tous les acteurs de l‘entreprise - Animer la gouvernance sécurité du Groupe - Piloter le plan d’action sécurité du Groupe - Accompagner l’ensemble des métiers dans la sécurisation de leurs projets et de leurs activités au quotidien - Assurer le reporting des indicateurs de contrôle et de couverture des risques cyber - Mettre en œuvre la sécurité au quotidien - Suivre, traiter et réagir face aux alertes de sécurité informatique Il recherche actuellement un architecte cyber sécurité pour venir renforcer l’équipe (France). Compétences requises : - Architecte Sécurité : Senior - DLP : Expérimenté - Sécurité Big Data : Expérimenté - M365 : Expérimenté - Intégration d’application dans le SOC : Expérimenté - Sécurité - Risques : Expérimenté - Pilotage projet : Expérimenté - Suivi de recommandation d’audit : Expérimenté - Animation et sensibilisation : Expérimenté Outils Informatiques : - Connaissance ou utilisation de M365, - Solutions de DLP, - MAPR, - Spark, - YARN, - Hive, - Hadoop, - Oozie - Architecte Sécurité : Senior - DLP : Expérimenté - Sécurité Big Data : Expérimenté - M365 : Expérimenté - Intégration d’application dans le SOC : Expérimenté - Sécurité - Risques : Expérimenté - Pilotage projet : Expérimenté - Suivi de recommandation d’audit : Expérimenté - Animation et sensibilisation : Expérimenté Outils Informatiques : - Connaissance ou utilisation de M365, - Solutions de DLP, - MAPR, - Spark, - YARN, - Hive, - Hadoop, - Oozie Et concrètement, de quoi s’agit-il sur le terrain ? - Accompagnement sécurité des projets métiers et techniques de la phase d’instruction à la mise en production : o Apport de l’expertise sécurité aux projets techniques o Accompagnement des architectes sur les aspects sécurité de l’architecture technique de la solution (authentification, chiffrement, sécurité des flux, etc.) o Est force de propositions sur les évolutions à apporter aux solutions de sécurité - Pilotage de sujets sécurité techniques et fonctionnels divers avec des correspondants techniques ou métiers suivant le projet. La liste ci-dessous est un exemple de sujets type qui pourraient être demandés au candidat : o Pilotage du volet sécurité de projet de déploiement d’infrastructure ou d’application dans le Cloud o Promeut l’utilisation et la combinaison des briques de sécurité existantes o Analyse les risques de sécurité liés à l’introduction de nouvelles technologies ou de nouveaux systèmes d’information o Animation de programme de Cyber Sécurité : veille, réalisation études, gestion et maitrise des risques o Pilotage de la déclinaison des programmes de sécurité du Groupe et de ses entités : définition de la cible à atteindre, réunions de travail avec les équipes techniques, pilotage des actions o Pilotage de projet technique de transformation de SI, ex : mise en place d’un DLP o Contribution aux projets études et de réalisation technique, dossiers d'architecture, etc. (tout document projet) o Pour l'accompagnement au projet, toute contribution sécurité dans les livrables de la méthode projet : - Réalisation d’étude technique - Questionnaire sécurité pour un appel d'offres - Analyse de risque sur le volet technique et organisationnel - Paragraphe sécurité dans le dossier d'architecture - Cahier des charges pour la réalisation de tests d'intrusion - Restitution des vulnérabilités pour les audits de code o Pour le pilotage de sujets techniques sécurité, tout document utile à la mise en place / amélioration de l'outil / processus : - Note d'instruction (note de cadrage) - Spécifications fonctionnelles et techniques - Dossier architecture - Cahier de tests - Document d'exploitation","Paris, France","10k-200k €⁄an, 100-3k €⁄j",https://www.free-work.com/fr/tech-it/consultant-en-architecture/job-mission/architecture-et-pilotage-cyber-securite-senior,"
      Freelance
     
      CDI
    "
"
      Chef de projet Cyber sécurité
    ","Chef de projet Cyber sécurité Expérience dans les domaines de la cybersécurité et des réseaux (au moins cinq ans) ; Connaissance des normes de cybersécurité (NIST, ISO 2700x, ...) ; Expérience dans les technologies de proxys, en particulier dans Zscaler (implémentation, administration, configuration) ; Bonnes compétences en communication et en interaction avec les différentes parties prenantes ; Connaissance de Microsoft Office ; Connaissance du service maintenan Chef de projet Cyber sécurité 530 e BI SOLUTIONS est une SSII spécialisée dans les nouvelles technologies. Nous accompagnons nos clients dans leurs projets et mettons à leur disposition notre savoir-faire.","Paris, France",400-520 €⁄j,https://www.free-work.com/fr/tech-it/assistant-chef-de-projet/job-mission/chef-de-projet-cyber-securite-13,"
      Freelance
    "
"
      Cyber securité / Service now
    ","Nous recherchons pour un de nos clients basés en IDF, un profil cyber sécurité / service now pour une mission freelance longue visibilité Principales responsabilités et activités : 1. Gestion de la cybersécurité : Élaborer et mettre en œuvre des politiques et procédures de cybersécurité. Effectuer régulièrement des évaluations de sécurité du système pour identifier les vulnérabilités. Coordonner avec les autres membres de l’équipe Boost pour mettre en œuvre des mesures de sécurité et surveiller leur efficacité. Gérer les protocoles de réponse aux incidents de cybersécurité, y compris les enquêtes et le signalement des failles de sécurité. 2. Conformité au RGPD : S’assurer que toutes les activités de traitement et de stockage sont conformes au RGPD. Tenir des registres détaillés des activités de traitement. Servir de point de contact pour les personnes concernées concernant les droits à la vie privée en vertu du RGPD. Assurer la liaison avec les autorités Thales DIS si nécessaire pour la conformité et le reporting. Mener régulièrement des audits de conformité au RGPD et des évaluations des risques. Élaborer et superviser une évaluation d’impact sur la protection des données. 1. Implémentation de ServiceNow : Utilisez ServiceNow pour rationaliser les processus de cybersécurité et de conformité au RGPD. Développez des workflows dans ServiceNow pour des contrôles de conformité et des alertes automatisés. Générez et analysez des rapports de conformité et de sécurité via les tableaux de bord ServiceNow. Maintenir la documentation sur la sécurité de la plateforme via des articles de connaissances dédiés. Coordonner les tests de stylet si requis par la direction ou un client externe. 2. Formation et sensibilisation : Organiser des sessions de formation régulières pour les employés et les sous-traitants sur les meilleures pratiques en matière de cybersécurité et la conformité au RGPD. Développer/réutiliser des documents d’information et des mises à jour pour tenir le personnel informé des tendances en matière de cybersécurité et des exigences du RGPD. 3. Collaboration et rapports : Collaborer avec les membres de l’équipe Boost pour intégrer la cybersécurité et la conformité RGPD dans leurs opérations. Préparer et présenter des rapports réguliers à la haute direction et aux représentants de Sec Corp sur l’état de la cybersécurité et les activités de conformité au RGPD. Qualifications: Baccalauréat ou Master en technologies de l’information, Cybersécurité Expérience avérée en cybersécurité et connaissance fondamentale du RGPD. 5 à 7 ans d’expérience dans le domaine ServiceNow Anglais courant Expérience en gestion de projets informatiques, DevOps/Agile Anglais courant Certifications attendues : Certification ServiceNow (par exemple, administrateur système certifié ServiceNow, ..) Professionnel certifié en sécurité des systèmes d’information (CISSP) ou équivalent. Hacker éthique certifié (CEH) ou gestionnaire certifié de la sécurité de l’information (CISM) Une certification Certified Information Privacy Professional/Europe (CIPP/E) ou une certification similaire RGPD est un plus. Compétences préférées : Excellente compétence en analyse et résolution de problèmes. Fortes capacités de communication et d’organisation. Capacité à documenter les processus, les configurations et les guides d’utilisation de manière claire et efficace. Expérience dans la gestion de la cybersécurité dans un environnement organisationnel complexe. Connaissance des dernières menaces et tendances en matière de cybersécurité. Familiarité avec les processus IT Infrastructure Library (ITIL) et les meilleures pratiques pour la gestion des services informatiques et l’évolution vers DevOps. La connaissance des langages de programmation comme JavaScript, la familiarité avec HTML, CSS et les services Web (REST, SOAP) sont également bénéfiques.","Paris, France","10k-70k €⁄an, 100-750 €⁄j",https://www.free-work.com/fr/tech-it/consultant-securite-et-reseaux/job-mission/cyber-securite-service-now-1,"
      Freelance
     
      CDI
     
      CDD
    "
"
      Cyber securité / Service now
    ","Nous recherchons pour un de nos clients basés en IDF, un profil cyber sécurité / service now pour une mission freelance longue visibilité Principales responsabilités et activités : 1. Gestion de la cybersécurité : Élaborer et mettre en œuvre des politiques et procédures de cybersécurité. Effectuer régulièrement des évaluations de sécurité du système pour identifier les vulnérabilités. Coordonner avec les autres membres de l’équipe Boost pour mettre en œuvre des mesures de sécurité et surveiller leur efficacité. Gérer les protocoles de réponse aux incidents de cybersécurité, y compris les enquêtes et le signalement des failles de sécurité. 2. Conformité au RGPD : S’assurer que toutes les activités de traitement et de stockage sont conformes au RGPD. Tenir des registres détaillés des activités de traitement. Servir de point de contact pour les personnes concernées concernant les droits à la vie privée en vertu du RGPD. Assurer la liaison avec les autorités Thales DIS si nécessaire pour la conformité et le reporting. Mener régulièrement des audits de conformité au RGPD et des évaluations des risques. Élaborer et superviser une évaluation d’impact sur la protection des données. 1. Implémentation de ServiceNow : Utilisez ServiceNow pour rationaliser les processus de cybersécurité et de conformité au RGPD. Développez des workflows dans ServiceNow pour des contrôles de conformité et des alertes automatisés. Générez et analysez des rapports de conformité et de sécurité via les tableaux de bord ServiceNow. Maintenir la documentation sur la sécurité de la plateforme via des articles de connaissances dédiés. Coordonner les tests de stylet si requis par la direction ou un client externe. 2. Formation et sensibilisation : Organiser des sessions de formation régulières pour les employés et les sous-traitants sur les meilleures pratiques en matière de cybersécurité et la conformité au RGPD. Développer/réutiliser des documents d’information et des mises à jour pour tenir le personnel informé des tendances en matière de cybersécurité et des exigences du RGPD. 3. Collaboration et rapports : Collaborer avec les membres de l’équipe Boost pour intégrer la cybersécurité et la conformité RGPD dans leurs opérations. Préparer et présenter des rapports réguliers à la haute direction et aux représentants de Sec Corp sur l’état de la cybersécurité et les activités de conformité au RGPD. Qualifications: Baccalauréat ou Master en technologies de l’information, Cybersécurité Expérience avérée en cybersécurité et connaissance fondamentale du RGPD. 5 à 7 ans d’expérience dans le domaine ServiceNow Anglais courant Expérience en gestion de projets informatiques, DevOps/Agile Anglais courant Certifications attendues : Certification ServiceNow (par exemple, administrateur système certifié ServiceNow, ..) Professionnel certifié en sécurité des systèmes d’information (CISSP) ou équivalent. Hacker éthique certifié (CEH) ou gestionnaire certifié de la sécurité de l’information (CISM) Une certification Certified Information Privacy Professional/Europe (CIPP/E) ou une certification similaire RGPD est un plus. Compétences préférées : Excellente compétence en analyse et résolution de problèmes. Fortes capacités de communication et d’organisation. Capacité à documenter les processus, les configurations et les guides d’utilisation de manière claire et efficace. Expérience dans la gestion de la cybersécurité dans un environnement organisationnel complexe. Connaissance des dernières menaces et tendances en matière de cybersécurité. Familiarité avec les processus IT Infrastructure Library (ITIL) et les meilleures pratiques pour la gestion des services informatiques et l’évolution vers DevOps. La connaissance des langages de programmation comme JavaScript, la familiarité avec HTML, CSS et les services Web (REST, SOAP) sont également bénéfiques. Computer Futures a été créé en 1986 par une poignée d’entrepreneurs enthousiastes à Londres, en Angleterre. Nous sommes nés du désir d’aider et de faire prospérer les entreprises locales. Ceci en trouvant les talents informatiques permettant d’offrir de nouveaux services IT qui changent le monde. Aujourd’hui, nous fournissons des solutions de recrutement IT à des organisations de toutes tailles dans le monde entier. En tant qu’experts mondiaux du recrutement IT, nous sommes spécialisés dans les marchés et les technologies informatiques de niche. Chaque jour, nous aidons des développeurs de logiciels, des ingénieurs et une multitude de professionnels de l’IT à accéder à des opportunités d’emploi dans de nombreuses entreprises. Notre approche est simple : nous combinons nos réseaux mondiaux, notre expertise locale et notre connaissance des marchés spécialisés. Ainsi, nous fournissons des solutions de recrutement et d’emploi de premier ordre dans le domaine des technologies de l’information. Notre mission ? Aider les professionnels à exceller et les entreprises à se développer.","Île-de-France, France",400-500 €⁄j,https://www.free-work.com/fr/tech-it/consultant-securite-et-reseaux/job-mission/cyber-securite-service-now,"
      Freelance
    "
"
      Architecte Cyber / Résilience 
    ","Pour l’un de nos clients grand compte basé à Paris, dans le cadre d’une mission longue durée, nous recherchons un Architecte Cyber / Résilience. Profil recherché: Architecte Expertise indispensable dans la gestion de crise (attaque ransomware) Connaissance composants on-prem et cloud (AWS/Azure) Missions: Définir plus en détail la stratégie de reprise d'activité à l'aide d'un SIRE en tenant compte des éléments (l'emplacement de l'environnement de reprise, le transfert de données...) Conception SIRE Conception d'un pan de mise en œuvre ( avec plan financier) Profil recherché: Architecte Expertise indispensable dans la gestion de crise (attaque ransomware) Connaissance composants on-prem et cloud (AWS/Azure) Missions: Définir plus en détail la stratégie de reprise d'activité à l'aide d'un SIRE en tenant compte des éléments (l'emplacement de l'environnement de reprise, le transfert de données...) Conception SIRE Conception d'un pan de mise en œuvre ( avec plan financier)","Paris, France",300-3k €⁄j,https://www.free-work.com/fr/tech-it/architecte/job-mission/architecte-cyber-resilience,"
      Freelance
    "
