job-title,job-description,job-location,job-salary,job-url
SERVICE DELIVERY manager informatique SOC (IT) / Freelance,"Délivrer Des Services Managés De Veille sur les menaces cyber 
<br>Détection d?attaques et suivi des incidents de sécurité 
<br>Qualification des vulnérabilités 
<br>Réaction sur incidents de sécurité majeur 
<br>
<br> En tant que Service Delivery Manager, Tu seras en charge pour plusieurs clients du SOC de : 
<br>Piloter au quotidien l?activité afin de fournir un service conforme aux engagements contractuels 
<br>Organiser le suivi des équipes techniques, en binôme avec le référent technique, Participer aux réunions opérationnelles hebdomadaires 
<br>Organiser et animer les comités de opérationnels et de pilotage de la prestation prévus dans la gouvernance 
<br>Rédiger et maintenir à jour les livrables contractuels (convention de services, stratégies de collecte / détection) 
<br>Suivre l?avancement des projets et demandes complexes Participer à la planification des opérations 
<br>Réaliser le suivi des KPI, de la facturation et des éventuelles pénalités Gérer les situations de crise 
<br>Coordonner les intervenants, 
<br>Assurer les escalades et le suivi managérial, 
<br>S?assurer du suivi des plans d?actions définis Contribuer aux propositions commerciales, en lien avec l?équipe Sales 
<br>Accompagner le client sur les axes d?évolution et d?amélioration du service 
<br>
<br> En fonction de ton expérience sur les sujets traités, tu seras accompagné et soutenu par ton manager et tes collègues experts tout au long de tes missions. 
<br>
<br> <b>Tes objectifs :</b>
<br> Apporter immédiatement tes compétences relationnelles et ton expertise opérationnelle 
<br>Être présent pour notre équipe et les interlocuteurs client afin de les aider à trouver les solutions adaptées aux situations rencontrées 
<br>Savoir adapter son discours en fonction des interlocuteurs (métiers, experts, responsables, etc.) 
<br>Poursuivre la construction d?une relation de proximité avec le client 
<br>Participer à la pérennisation du client et au développement commercial de l?activité 
<br>
<br> <b>Profil candidat:</b>
<br> <b>Qualifications Idéalement tu es/as :</b> Un diplôme d?ingénieur (ou équivalent Bac +5) Une expérience dans la gestion de projet, d?équipe et de contrat, et idéalement, une première expérience sur un poste similaire 
<br>Un relationnel à toute épreuve pour démêler les situations les plus inextricables De la rigueur, un bon sens du service et la volonté de délivrer un service de qualité pour accompagner l?activité du client Un intérêt pour la cyber sécurité 
<br>Un bagage technique IT général, des connaissances cyber sécurité et cloud étant des plus appréciés 
<br>Pas de sueur froide à l?idée de se déplacer à temps partiel dans les locaux du client ou de prendre le téléphone pour fluidifier les échanges avec le client 
<br>A l?aise en anglais",Paris (75),De 450 € à 550 € par jour,https://fr.indeed.com/viewjob?jk=b26e2ccaa9488cb4&tk=1hpqgspg4icag83j&from=serp&vjs=3
DevSecOps Confirm (IT) / Freelance,"<b>Rôle SecOps:</b>
<br> Gérer des pipelines CI/CD/CM (Continuous Monitoring) via Azure Devops 
<br>Gérer des pipelines DevSecOps 
<br>Monitorer Infra/App (Azure Monitor, AppInsight, ) 
<br>Gérer des pipelines IaC (Infrastructure As Code) via Terraform et Azure ARM 
<br>Travailler en collaboration avec les équipes Sécurité 
<br>Prendre en compte des contraintes de sécurité, d?exploitation et de performance 
<br>Veiller à la cyber sécurité de l?entreprise et se tenir informer. 
<br>Être force de proposition sur les possibles évolutions 
<br>Faire le suivi des process 
<br>Rédiger des analyses de risques 
<br>Gérer les incidents 
<br>Corriger des pentests 
<br>
<br> <b>Profil recherché :</b>
<br> Vous êtes avant tout un ingénieur passionné mêlant savoir-faire et savoir-être. Vous venez du monde de la technique et avez développé de réelles compétences sur les technologies Microsoft .NET et Cloud Azure. 
<br>
<br> Connaitre les solutions Open source, des approches DevOps et du développement Agile 
<br>Maîtriser Azure, Cloud, Kuberentes, AKS, Docker, IIS 
<br>Connaitre IaC (Infra as Code) 
<br>Connaitre le monde Linux/Unix 
<br>Être Familier avec les API Rest, Stack .Net, Front Angular 
<br>Développer des scripts Powershell, Terraform, Ansible (apprécié) 
<br>
<br> <b>Stack technique :</b>
<br> <b>Cloud :</b> AppInsight, App Services, ServiceBus, Storage, SqlServer, CosmosDb, Application Gateway, AKS (souhaité), Service Fabric (souhaité), Kubernetes 
<br><b>Architecture et méthodologie :</b> Microservice, SOA, Domain Driver Design et Clean Code",Paris (75),De 400 € à 550 € par jour,https://fr.indeed.com/viewjob?jk=714893e6ea4e728b&tk=1hpqgthl3k9af803&from=serp&vjs=3
architecte informatique Cybersecurité H/F (IT) / Freelance,"Le client est un acteur majeur du secteur bancaire. 
<br>
<br> L'entité du client est en charge de l'ensemble de l'infrastructure informatique de la banque. 
<br>
<br> Le département Sécurité a pour objectif le pilotage de la stratégie pour l'ensemble du client en termes de sécurité, standards techniques, processus, outils et gestion des risques. 
<br>
<br> Le département Architecture, Stratégie et Transformation est en charge du pilotage des programmes et des projets de sécurité pour l'entité, l?activité de PMO ainsi qu?une entité d?architecture chargée de l'architecture des produits et services ainsi que de la cohérence des architectures d'un point de vue Cyber. 
<br>
<br> Le client souhaite mettre en oeuvre plusieurs évolutions au sein de sa capacité Detection &amp; Reaction. 
<br>
<br> <b>Dans ce cadre la prestation consiste à contribuer à/au(x) :</b>
<br> ? Architectures Detection &amp; Reaction et moyens techniques au sein de l'entité (en collaboration avec les entités autres entités) 
<br>
<br> ? La production des architectures sous-jacentes aux services de Detection &amp; Reaction délivrés par le client. 
<br>
<br> ? Animation des communautés architecture en portant expertise Detection &amp; Reaction pour le client, lors de l'élaboration/validation des normes/standards 
<br>
<br> <b>Expertises opérationnelles :</b>
<br> ? Process, mecanismes et gouvernance associés à la capacité Detection &amp; Reaction (detection &amp; incident response, threat hunting, SOC/CERT/ Fusion Center, Threat intelligence, MITRE/NIST framework , Use case developpement) 
<br>
<br> ? Environnment Cloud ( Privé Openstack / Public type Azure / AWS), traditionnels et règlementaire ( LPM, PCI, NIS) 
<br>
<br> ? Analyses de risques, approche et modélisation par les risques 
<br>
<br> ? Technologie et état de l'Art Detection and Reaction (Log Management, SIEM , EDR/XDR, UEBA, Deception) 
<br>
<br> ? Capacité cyber transverses ( securité reseau, securité des infrastructures, etc...) 
<br>
<br> <b>Profil candidat:</b>
<br> Profil avec 10 ans d'expérience avec une capacité de monter une architecture cybersécurité avec des connaissances d'analyse et de gouvernance notamment sur les aspects ""detect and react""",94120 Fontenay-sous-Bois,De 570 € à 820 € par jour,https://fr.indeed.com/viewjob?jk=932f5ddeb9f6e316&tk=1hpqgthl3k9af803&from=serp&vjs=3
"Ops sécurité informatique - CyberArk, Dévolution Server, (IT) / Freelance","<div>
 En tant qu?OPS Sécurité dans mon quotidien :
 <br> 
 <ul>
  <li>Je suis le premier point de contact sur les applications que je gère.</li>
  <li>J?échange régulièrement avec les équipes OPS de domaine, OPS Système, Projet et l?équipe Cyber TF1..</li>
  <li>J?ai une expertise autour des bastions d?administration (CyberArk, Dévolution Server, ) mais aussi sur la gestion des endpoints (Tanium, )</li>
  <li>J?investigue pour régler les incidents de mon backlog.</li>
  <li>J?optimise mon travail grâce à l?automatisation.</li>
  <li>Je fais du niveau de sécurité de mes applications ma priorité.</li>
  <li>Je documente mes actions afin de maintenir un bon niveau d?information.</li>
  <li>Je supervise les sauvegardes liées à mes applications.</li>
  <li>Je détecte et corrige les problèmes de manière proactive</li>
 </ul> 
 <br> En tant qu?OPS Sécurité dans les projets :
 <br> 
 <br> 
 <ul>
  <li>Je suis garant de la mise en place des infrastructures et leur mise à jour</li>
  <li>Je suis les demandes techniques traitées par d?autres centres de service de ma direction</li>
  <li>Je rédige les documents d?exploitation et documents d?architecture</li>
  <li>Je participe aux stands up projet pour aider à détecter les angles morts sur mon domaine</li>
 </ul> 
 <br> Communication :
 <br> 
 <ul>
  <li>J?assure le respect des normes et standard.</li>
  <li>J?escalade les incidents majeurs et je communique sur l?évolution des résolutions</li>
 </ul>
 <br> 
 <br> 
 <br> Profil candidat:
 <br> Il définit et met en oeuvre les dispositifs techniques de sécurité sur tout ou partie des projets dont il a la charge, conformément à la politique de sécurité des SI et de l?information, et aux réglementations. En tant que référent dans son domaine, il assure un rôle de veille (technologique notamment), de conseil, d?assistance, d?information, de formation et d?alerte sur les risques.
 <br> 
 <br> PAM (CyberArk, ...) - Confirmé - Impératif
 <br> Windows, PowerShell - Confirmé - Impératif
 <br> Terraform - Junior - Important
</div>",Paris (75),De 520 € à 560 € par jour,https://fr.indeed.com/viewjob?jk=92a63b13a39a7a66&tk=1hpqgthl3k9af803&from=serp&vjs=3
ingenieur informatique INTEGRATEUR CYBER SENIOR (IT) / Freelance,"Pour l?un de nos clients grand compte basé en IDF, dans le cadre d?une mission longue durée, nous recherchons un Un Ingénieur Intégrateur Cybersécurité Senior. 
<br>
<br> <b>Missions :</b>
<br> contribuer au choix de l?architecture de la solution de sécurité et assurer l?assemblage au sein du SI. 
<br>Intégration de solutions de sécurité ( installation, paramétrage et durcissement ) 
<br>
<br> <b>Profil recherché :</b>
<br> profil confirmé à senior (5 ans MINIMUM) 
<br>être capable de faire des choix d?architecture 
<br>capacité rédactionnelle",Paris (75),De 400 € à 550 € par jour,https://fr.indeed.com/viewjob?jk=8fcc5ff79e55c47e&tk=1hpqgthl3k9af803&from=serp&vjs=3
consultant informatique (H/F/Y) AMOA Cybersécurité informatique en milieu industriel (IT) / Freelance,"Notre cabinet de recrutement Hoxton Partners recherche pour l?un de ses clients un consultant (H/F/Y) AMOA cybersécurité en milieu industriel. 
<br>
<br> <b>Contexte:</b>
<br> Renforcement d' équipe 
<br>
<br> Fournir une expertise cybersécurité de bout-en-bout sur les systèmes industriels et accompagner les équipes d?implémentation sur les thématiques associées 
<br>
<br> Garantir la sécurité des processus sensibles 
<br>
<br> Maintenir et faire évoluer les Analyses de Risques EBIOS à la maille projets et systèmes industriels 
<br>
<br> Garantir la conformité règlementaire 
<br>
<br> Garantir la cyber-résilience des services 
<br>
<br> Planifier et réaliser les audits 
<br>
<br> Rédaction des spécifications de cybersécurité des matériels à destination des constructeurs 
<br>
<br> Maintenir et développer l?expertise sécurité des systèmes industriels 
<br>
<br> Mettre en ?uvre les solutions d?industrialisation de la cybersécurité 
<br>
<br> Animer les communautés cybersécurité et sensibiliser les équipes 
<br>
<br> Anticiper les ruptures technologiques en matière de cybersécurité 
<br>
<br> Accompagnement technique pour la déclinaison des expressions de besoins et spécifications de cybersécurité sur le périmètre confié (diagnostic, analyse des causes racines, expression de besoin, cadrage technique pour réalisation) 
<br>
<br> <b>Profil candidat:</b>
<br> Très bonne connaissance de la sécurisation des matériels industriels/embarqués dans le domaine de l?énergie et des métiers du comptage et des réseaux de communications 
<br>
<br> Bonne connaissance des pratiques/capacités de sécurisation de systèmes IT et OT (authentification, autorisations, gestion des secrets, traçabilité, stockage sécurisé, chiffrement, durcissement, ...) 
<br>
<br> Connaissance de la norme IEC 62443 et ses différents chapitres 
<br>
<br> Connaissance des référentiels d'évaluation CSPN et Critères Communs 
<br>
<br> <b>Habitudes normatives protocolaires et sécurité :</b> RFC/IEC - ANSSI/NIST/ETSI 
<br>
<br> Connaissance de la méthodologie AGILE et des principes SecDevOps 
<br>
<br> Capacité à expliquer et porter les bonnes pratiques SI en matière de sécurité au sein d?autres entités de l?entreprise 
<br>
<br> Forte autonomie",Paris (75),De 600 € à 620 € par jour,https://fr.indeed.com/viewjob?jk=5f800fc4da6ae719&tk=1hpqgthl3k9af803&from=serp&vjs=3
OT Specialist (IT) / Freelance,"Mon client, l?une des plus grandes entreprises d?ingénierie électrique en France, recherche un spécialiste OT, avec une forte expérience dans l?environnement OT (IEC62443) et sur la nouvelle réglementation européenne RED et CRA, pour l?accompagner dans la stratégie future de l?entreprise, s?assurer qu?ils ont une longueur d?avance pour respecter le nouveau règlement européen concernant la cybersécurité dans l?OT est une plainte. 
<br>
<br> <b>Rôle :</b> Spécialiste en ergothérapie 
<br><b>Lieu :</b> Paris/Strasbourg 
<br><b>À distance :</b> Principalement à distance, visite ponctuelle de sites à Strasbourg ou Paris 
<br><b>Contrat :</b> 6 mois renouvelable 
<br>
<br> <b>Description de l?emploi:</b>
<br> Être très confiant avec les nouvelles réglementations européennes RED et CRA et conseiller en conséquence sur la stratégie. 
<br>Réagissez en conséquence à une cyber-crise. 
<br>Influencer les principales parties prenantes. 
<br>Rédaction de la documentation et participation aux réunions des principales parties prenantes. 
<br>Bâtiment DVP la gestion des incidents 
<br>Construire le SBOM 
<br>Processus d?aménagement du projet pour sécuriser l?exécution afin de fournir un processus permettant de maintenir la sécurité du projet du côté du client.",Paris (75),De 400 € à 550 € par jour,https://fr.indeed.com/viewjob?jk=04ce075b860c25d1&tk=1hpqgthl3k9af803&from=serp&vjs=3
SAP Cybersecurity Architect (IT) / Freelance,"<div>
 Analyse des risques et suivi cybernétique :
 <br> 
 <br> 
 <br> 
 <ul>
  <li>Identifier tous les risques liés au programme GET, proposer des mesures d'atténuation et veiller à ce que les risques résiduels soient acceptés par l'entreprise.</li>
 </ul> 
 <br> 
 <ul>
  <li>Suivre la mise en ?uvre des mesures de sécurité convenues par les équipes GET.</li>
 </ul>
 <br> 
 <br> 
 <br> 
 <ul>
  <li>Gérer la cybersécurité pour le programme en coordination avec le représentant CISO du groupe et le représentant CISO de GBS/IT.</li>
 </ul> 
 <br> 
 <ul>
  <li>Organiser des audits de cybersécurité et des tests de pénétration pour vérifier que les mesures de sécurité prévues sont correctement mises en ?uvre, et assurer le suivi des plans de remédiation.</li>
 </ul> 
 <br> 
 <ul>
  <li>S'assurer qu'un plan d'assurance sécurité fait partie du contrat avec chaque fournisseur, solution SaaS et entreprise sous-traitante dans le périmètre GET.</li>
 </ul>
 <br> 
 <br> 
 <br> Incidents de cybersécurité :
 <br> 
 <br> 
 <ul>
  <li>Collaborer avec le responsable du volet cybersécurité, l'équipe CISO du groupe, l'équipe CISO IT du GBS, le GSOC et l'équipe CERT pour superviser les incidents et les alertes en matière de cybersécurité concernant la plateforme ou ses composants.</li>
 </ul>
 <br> 
 <br> 
 <br> Posture de sécurité :
 <br> 
 <br> 
 <br> 
 <ul>
  <li>Veiller à ce que chaque plateforme devant être connectée à la plateforme GET fournisse une évaluation des règles d'adhésion à GET conforme, signée par le RSSI local et le(s) propriétaire(s) de l'entreprise locale. Remettez-les en question si la sécurité du satellite n'est pas entièrement conforme et suivez le plan d'atténuation.</li>
 </ul>
 <br> 
 <br> 
 <br> 
 <ul>
  <li>S'assurer que la mise en ?uvre de la plateforme est conforme à toutes les règles de sécurité applicables (politiques et normes de sécurité / fiches de sécurité AWS / ...).</li>
 </ul>
 <br> 
 <br> 
 <br> Rester à jour sur les changements de programme pour la cybersécurité :
 <br> 
 <br> 
 <br> 
 <ul>
  <li>Participer aux réunions du GET et aux réunions d'architecture informatique pour rester au courant de toutes les évolutions du programme qui pourraient avoir un impact sur la cybersécurité, et pour s'assurer que la cybersécurité est toujours prise en compte lors de la conception.</li>
 </ul>
 <br> 
 <br> 
 <br> 
 <br> Profil candidat:
 <br> 
 <br> 
 <br> ACTIVITÉS :
 <br> 
 <br> 
 <br> Réunions et collaboration :
 <br> 
 <br> 
 <ul>
  <li>Participer à des réunions bihebdomadaires avec l'équipe d'infrastructure de GET.</li>
 </ul> 
 <br> 
 <ul>
  <li>Participer aux réunions bimensuelles de compte rendu avec l'équipe de cybersécurité de l'EEG, le représentant du RSSI du groupe, le responsable de la cybersécurité pour les projets et le représentant du RSSI de l'ABG/IT.</li>
 </ul> 
 <br> 
 <ul>
  <li>rencontrer les propriétaires des mesures de sécurité pour assurer le suivi de la mise en ?uvre</li>
 </ul> 
 <br> 
 <ul>
  <li>rencontrer les fournisseurs pour s'assurer de la conformité avec les plans d'assurance de la sécurité.</li>
 </ul>
 <br> 
 <br> 
 <br> Gestion et évaluation des risques :
 <br> 
 <br> 
 <ul>
  <li>Assurer le suivi des risques liés à chaque module/composant avec les entreprises.</li>
 </ul> 
 <br> 
 <ul>
  <li>Mettre à jour le processus d'évaluation des règles d'adhésion et examiner les évaluations effectuées par les entités qui connectent des applications à la plateforme GET.</li>
 </ul> 
 <br> 
 <ul>
  <li>Assurer la conformité de l'architecture avec les exigences de sécurité (CIAT/RTO-RPO/DRP) et la mise en ?uvre des mesures d'atténuation, en ne laissant subsister que les risques résiduels.</li>
 </ul>
 <br> 
 <br> 
 <br> Conformité de la sécurité :
 <br> 
 <br> 
 <ul>
  <li>Examiner les clauses cybernétiques dans les contrats de solutions SaaS et rédiger/négocier des plans d'assurance de la sécurité.</li>
 </ul> 
 <br> 
 <ul>
  <li>Vous êtes en charge de la mise en ?uvre de la politique de sécurité de l'entreprise.</li>
 </ul> 
 <br> 
 <ul>
  <li>Suivre les KPIs de sécurité de la plateforme à travers les tableaux de bord Prisma et Power BI.</li>
 </ul> 
 <br> 
 <ul>
  <li>Maintenir les conditions de sécurité de la plateforme, y compris la gestion des vulnérabilités et la conformité avec les cyber standards de la compagnie.</li>
 </ul>
</div>",La Défense (92),De 500 € à 1 200 € par jour,https://fr.indeed.com/viewjob?jk=301337995e5021b2&tk=1hpqgthl3k9af803&from=serp&vjs=3
consultant informatique sécurité informatique (h/f) (IT) / Freelance,"Pour l?un de nos clients grand compte basé en IDF, dans le cadre d?une mission longue durée, nous recherchons un Un Consultant Sécurité 
<br>
<br> <b>Profil recherché :</b>
<br> avoir déjà réalisé une expérience dans un environnement relatif à la sécurité applicative (AppSec) 
<br>avoir déjà réalisé une expérience première expérience dans un environnement de Software Vendor 
<br>avoir déjà réalisé une expérience chez un intégrateur de solution 
<br>Connaissance du cycle de vie logiciel/hardware 
<br>Connaissance DevSecops 
<br>Connaissance des référentiels type NIST OWSAP 
<br>Bon communiquant 
<br>
<br> <b>Environnement :</b> Fortify, Coverity, SonarQube, Sonatype Lifecycle (Nexus IQ), OWASP Dependency Check, Black Duck, Trivy, Cyberwatch 
<br>
<br> <b>Missions:</b>
<br> Identifier et regrouper les pratiques sur la partie Application Security via des ateliers et des interviews 
<br>Intégration de la sécurité de bout en bout de la conception d?une solution jusqu?à son intégration 
<br>Revue d?architecture 
<br>Analyses de risques 
<br>Réaliser une synthèse des référentiels 
<br><b>Objectif:</b> avoir un référentiel commun pour la gestion d?incident cyber",Paris (75),,https://fr.indeed.com/viewjob?jk=52e51eb555e57493&tk=1hpqgthl3k9af803&from=serp&vjs=3
ingénieur informatique data / BI (IT) / Freelance,"<div>
 Expérience du candidat :
 <br> 
 <ul>
  <li>Au moins une expérience sur un projet de construction d?un Data Warehouse / intégration de données et avoir une connaissance / expérience sur l?infrastructure SAP Business Objects Data Services (BODS) : très important.</li>
  <li>Un profil junior peut-être suffisant sachant que le Chef de projet s?occupera de la modélisation et des interfaces avec les fournisseurs de données.</li>
 </ul> 
 <br> Compétences techniques du candidat :
 <br> 
 <ul>
  <li>Bonne connaissance sur SAP BODS (indispensable).</li>
  <li>Modélisation de données, construction et administration de base de données (si possible Oracle).</li>
  <li>Un bon niveau de culture informatique générale (réseau, développement, cyber sécurité) sera grandement apprécié.</li>
 </ul>
 <br> 
 <br> 
 <br> Profil candidat:
 <br> Prise en charge de la construction des ETL sur l?infrastructure logicielle du client (SAP BODS) qui est peu maitrisée par l?équipe en place. Il est donc demandé au candidat d?avoir une certaine autonomie.
</div>",Paris (75),De 400 € à 550 € par jour,https://fr.indeed.com/viewjob?jk=eeba750da18445e7&tk=1hpqgthl3k9af803&from=serp&vjs=3
consultant informatique Confirmé PCA & Gestion de crise (IT) / Freelance,"Pour l'un de nos clients grand compte situé en Ile-de-France, dans le cadre d'une mission de longue durée permettant du télétravail, nous recherchons un Consultant confirmé en PCA &amp; gestion de crise 
<br>
<br> La mission permet 2 jours de télétravail par semaine. 
<br>
<br> <b>Missions :</b>
<br> ? Structurer et construire la démarche de continuité d'activité et de gestion de crise pour le périmètre France en collaboration avec les parties prenantes requises. 
<br>
<br> <b>Activités :</b>
<br> ? Développer et documenter un dispositif de continuité d'activité et de gestion de crise. 
<br>? Renforcer le dispositif spécifique de gestion de crise cyber. 
<br>? Tester les plans de continuité d'activité et les procédures de gestion de crise. 
<br>? Acculturer les collaborateurs aux nouvelles procédures d'urgence et de reprise d'activité. 
<br>? Coordonner les équipes en cas de sinistre majeur et assurer une communication efficace. 
<br>
<br> <b>Profil candidat:</b><b>Compétences techniques :</b>
<br> ? Expérience préalable en construction et structuration de démarches de continuité d'activité et gestion de crise. 
<br>? Expérience terrain de la gestion de sinistres. 
<br>? Capacité à initier et à développer des processus. 
<br>? Excellentes compétences en communication et en coordination de parties prenantes. 
<br>? Connaissance des normes et des bonnes pratiques en matière de continuité d'activité. 
<br>? Appétence ou compétences en cybersécurité. 
<br>
<br> <b>Profil :</b>
<br> ? Diplôme universitaire en gestion des risques, en sécurité-sûreté ou dans un domaine connexe. 
<br>? Certification en gestion de crise ou en continuité d'activité (un atout).",Paris (75),,https://fr.indeed.com/viewjob?jk=286e321964789600&tk=1hpqgthl3k9af803&from=serp&vjs=3
consultant informatique SI Assurance Cybersécurité informatique (IT) / Freelance,"Coordination transverse, reporting mensuel; remontée d'alertes Animation de réunion, esprit de synthèse Capacité rédactionnelle et bon relationnel Autonomie et force de proposition Descriptif de la prestation La prestation aura pour objectif d'accompagner le l?équipe Sécurité des SI dans son plan de maitrise de l?externalisation et de mise en conformité à la règlementation DORA. 
<br>
<br> <b>En termes de missions, cela se caractérise notamment par :</b>
<br> ? La revue et proposition de processus Achats en lien avec la prise en comptes des aspects cyber par les partenaires et les réglementations en vigueur (France et international) 
<br>
<br> ? La maitrise des Prestations Critiques et Importantes (PCI) et les prestations TIC (au sens DORA) en maintenant les 3 points : 
<br>
<br> o La mise en place d?un référentiel des contacts en cas de crise Cyber et processus associé 
<br>
<br> o Un état des lieux des analyses de risques des prestations o Un état des lieux des engagements contractuels en matière de cybersécurité (Plans d?Assurances Sécurité (PAS), etc.) 
<br>
<br> ? La contribution au plan de remédiation identifié sur la base des constats précédents. 
<br>
<br> ? La présentation en comités de synthèses d?avancement et d?indicateurs. 
<br>
<br> ? Reporting régulier d?avancement des action u responsable de l?activité La prestation devra être réalisée dans le respect des exigences de la Politique de Sécurité de l?Information du Groupe et des règles en vigueur et des contraintes propres au groupe. 
<br>
<br> <b>Compétences et connaissances demandées :</b>
<br> ? Connaissance des métiers de l?Assurance, 
<br>
<br> ? Connaissance des métiers de l?informatique (production et hors production), 
<br>
<br> ? Certification ISO 27001/5, 
<br>
<br> <b>? Application d?une méthodologie d?analyse de risques (ex. :</b> EBIOS, MEHARI, ?), 
<br>
<br> ? Contribution à des revues de sécurité (test d?intrusion, audit de code, ?), 
<br>
<br> ? Pilotage projet, en mode classique et agile. 
<br>
<br> ? Formation MASTER 2 (BAC+5). 
<br>
<br> ? Connaissance des réglementations DORA, EBA Une première expérience de cinq ans minimum est attendue. 
<br>
<br> <b>Profil candidat:</b>
<br> Coordination transverse, reporting mensuel; remontée d'alertes Animation de réunion, esprit de synthèse Capacité rédactionnelle et bon relationnel Autonomie et force de proposition Descriptif de la prestation La prestation aura pour objectif d'accompagner le l?équipe Sécurité des SI dans son plan de maitrise de l?externalisation et de mise en conformité à la règlementation DORA. 
<br>
<br> <b>En termes de missions, cela se caractérise notamment par :</b>
<br> ? La revue et proposition de processus Achats en lien avec la prise en comptes des aspects cyber par les partenaires et les réglementations en vigueur (France et international) 
<br>
<br> ? La maitrise des Prestations Critiques et Importantes (PCI) et les prestations TIC (au sens DORA) en maintenant les 3 points : 
<br>
<br> o La mise en place d?un référentiel des contacts en cas de crise Cyber et processus associé 
<br>
<br> o Un état des lieux des analyses de risques des prestations o Un état des lieux des engagements contractuels en matière de cyber-sécurité (Plans d?Assurances Sécurité (PAS), etc.) 
<br>
<br> ? La contribution au plan de remédiation identifié sur la base des constats précédents. 
<br>
<br> ? La présentation en comités de synthèses d?avancement et d?indicateurs. 
<br>
<br> ? Reporting régulier d?avancement des action u responsable de l?activité La prestation devra être réalisée dans le respect des exigences de la Politique de Sécurité de l?Information du Groupe et des règles en vigueur et des contraintes propres au groupe. 
<br>
<br> <b>Compétences et connaissances demandées :</b>
<br> ? Connaissance des métiers de l?Assurance, 
<br>
<br> ? Connaissance des métiers de l?informatique (production et hors production), 
<br>
<br> ? Certification ISO 27001/5, 
<br>
<br> <b>? Application d?une méthodologie d?analyse de risques (ex. :</b> EBIOS, MEHARI, ?), 
<br>
<br> ? Contribution à des revues de sécurité (test d?intrusion, audit de code, ?), 
<br>
<br> ? Pilotage projet, en mode classique et agile. 
<br>
<br> ? Formation MASTER 2 (BAC+5). 
<br>
<br> ? Connaissance des réglementations DORA, EBA Une première expérience de cinq ans minimum est attendue.",Paris (75),,https://fr.indeed.com/viewjob?jk=6a8ab2257bc33242&tk=1hpqgthl3k9af803&from=serp&vjs=3
83876/consultant informatique(e) ServiceNow avec une expertise Cyber sécurité informatique (IT) / Freelance,"consultant(e) ServiceNow avec une expertise Cyber sécurité pour accompagner le métier Cyber sur l'ensemble des projets autour du module SecOps.Description de la mission : possibilité de réaliser la mission en télétravail.?Contexte : le service en charge de la plateforme ServiceNow est à la recherche d'un consultant ServiceNow expérimenté.Maîtrise de l'anglais (contrat TMA en outsourcing),Maitrise de ServiceNow minimum 3 ans d'expérience (module SecOps fortement souhaité),Bonne compréhension des enjeux des métiers de la Cyber Sécurité : gestion des vulnérabilités et incidents de sécurité. Orientation service client et recherche de valeur ajoutée,Capacité d'analyse et esprit de synthèse ? travail en équipe ? aptitude à communiquer ? sens du service ? autonomie et initiative ? travail en transverse.LivrablesAccompagnement Métiers?: Assurer les études de cadrage, le recueil des besoins clients,Modéliser les processus métier et identifier les opportunités d'amélioration des processus,Assister la maîtrise d'ouvrage depuis l'établissement des spécifications, la définition des scénarios des tests métiers jusqu'à la recette,Appuyer à la qualification des incidents, des bugs, des évolutions,Assurer la communication projet vers le métier,Challenger les besoins métiers afin d'homogénéiser les pratiques et favoriser le standard du produit.Pilotage?: Contrôler le suivi des réalisations (qualité, performance), les validations et recettes des livrables,Être force de proposition dans l'innovation, la fiabilisation et l'harmonisation des pratiques, systèmes et processus,Garantir la mise à jour du référentiel documentaire des processus,Veiller à l'application des normes et méthodologies TGITS. 
<br>
<br> <b>Profil candidat:</b>
<br> consultant(e) ServiceNow avec une expertise Cyber sécurité pour accompagner le métier Cyber sur l'ensemble des projets autour du module SecOps.Description de la mission : possibilité de réaliser la mission en télétravail.?Contexte : le service en charge de la plateforme ServiceNow est à la recherche d'un consultant ServiceNow expérimenté.Maîtrise de l'anglais (contrat TMA en outsourcing),Maitrise de ServiceNow minimum 3 ans d'expérience (module SecOps fortement souhaité),Bonne compréhension des enjeux des métiers de la Cyber Sécurité : gestion des vulnérabilités et incidents de sécurité. Orientation service client et recherche de valeur ajoutée,Capacité d'analyse et esprit de synthèse ? travail en équipe ? aptitude à communiquer ? sens du service ? autonomie et initiative ? travail en transverse.LivrablesAccompagnement Métiers?: Assurer les études de cadrage, le recueil des besoins clients,Modéliser les processus métier et identifier les opportunités d'amélioration des processus,Assister la maîtrise d'ouvrage depuis l'établissement des spécifications, la définition des scénarios des tests métiers jusqu'à la recette,Appuyer à la qualification des incidents, des bugs, des évolutions,Assurer la communication projet vers le métier,Challenger les besoins métiers afin d'homogénéiser les pratiques et favoriser le standard du produit.Pilotage?: Contrôler le suivi des réalisations (qualité, performance), les validations et recettes des livrables,Être force de proposition dans l'innovation, la fiabilisation et l'harmonisation des pratiques, systèmes et processus,Garantir la mise à jour du référentiel documentaire des processus,Veiller à l'application des normes et méthodologies TGITS.",Paris (75),De 450 € à 550 € par jour,https://fr.indeed.com/viewjob?jk=8c8a8883f60f1c15&tk=1hpqgthl3k9af803&from=serp&vjs=3
SERVICE DELIVERY manager informatique SOC (IT) / Freelance,"Délivrer Des Services Managés De Veille sur les menaces cyber 
<br>Détection d?attaques et suivi des incidents de sécurité 
<br>Qualification des vulnérabilités 
<br>Réaction sur incidents de sécurité majeur 
<br>
<br> En tant que Service Delivery Manager, Tu seras en charge pour plusieurs clients du SOC de : 
<br>Piloter au quotidien l?activité afin de fournir un service conforme aux engagements contractuels 
<br>Organiser le suivi des équipes techniques, en binôme avec le référent technique, Participer aux réunions opérationnelles hebdomadaires 
<br>Organiser et animer les comités de opérationnels et de pilotage de la prestation prévus dans la gouvernance 
<br>Rédiger et maintenir à jour les livrables contractuels (convention de services, stratégies de collecte / détection) 
<br>Suivre l?avancement des projets et demandes complexes Participer à la planification des opérations 
<br>Réaliser le suivi des KPI, de la facturation et des éventuelles pénalités Gérer les situations de crise 
<br>Coordonner les intervenants, 
<br>Assurer les escalades et le suivi managérial, 
<br>S?assurer du suivi des plans d?actions définis Contribuer aux propositions commerciales, en lien avec l?équipe Sales 
<br>Accompagner le client sur les axes d?évolution et d?amélioration du service 
<br>
<br> En fonction de ton expérience sur les sujets traités, tu seras accompagné et soutenu par ton manager et tes collègues experts tout au long de tes missions. 
<br>
<br> <b>Tes objectifs :</b>
<br> Apporter immédiatement tes compétences relationnelles et ton expertise opérationnelle 
<br>Être présent pour notre équipe et les interlocuteurs client afin de les aider à trouver les solutions adaptées aux situations rencontrées 
<br>Savoir adapter son discours en fonction des interlocuteurs (métiers, experts, responsables, etc.) 
<br>Poursuivre la construction d?une relation de proximité avec le client 
<br>Participer à la pérennisation du client et au développement commercial de l?activité 
<br>
<br> <b>Profil candidat:</b>
<br> <b>Qualifications Idéalement tu es/as :</b> Un diplôme d?ingénieur (ou équivalent Bac +5) Une expérience dans la gestion de projet, d?équipe et de contrat, et idéalement, une première expérience sur un poste similaire 
<br>Un relationnel à toute épreuve pour démêler les situations les plus inextricables De la rigueur, un bon sens du service et la volonté de délivrer un service de qualité pour accompagner l?activité du client Un intérêt pour la cyber sécurité 
<br>Un bagage technique IT général, des connaissances cyber sécurité et cloud étant des plus appréciés 
<br>Pas de sueur froide à l?idée de se déplacer à temps partiel dans les locaux du client ou de prendre le téléphone pour fluidifier les échanges avec le client 
<br>A l?aise en anglais",Paris (75),De 450 € à 550 € par jour,https://fr.indeed.com/viewjob?jk=b26e2ccaa9488cb4&tk=1hpqgthl3k9af803&from=serp&vjs=3
Un consultant informatique SecOps/ service now sur paris (IT) / Freelance,"Smarteo recherche pour l'un de ces clients, Un consultant SecOps/ service now sur paris 
<br>
<br> <b>Description:</b>
<br> Le client souhaite avoir un consultant Secops, idéalement pour un fulltime, mais ouvert à d'autres dispositifs. 
<br>
<br> <b>Contexte de la mission :</b>
<br> Dans le cadre des activités autour de l'application ServiceNow au sein du groupe, nous souhaitons renforcer l'équipe projet SecOps. 
<br>
<br> Nous sommes à la recherche d'un(e) consultant(e) ServiceNow avec une expertise Cyber sécurité pour accompagner le métier Cyber sur l'ensemble des projets autour du module SecOps. 
<br>
<br> <b>Description de la mission :</b>
<br> <b>Lieu :</b> Paris 
<br>
<br> possibilité de réaliser la mission en télétravail. 
<br>
<br> <b>Contexte :</b> le service en charge de la plateforme ServiceNow est à la recherche d'un consultant ServiceNow expérimenté. 
<br>
<br> Maîtrise de l'anglais (contrat TMA en outsourcing), 
<br>
<br> Maitrise de ServiceNow minimum 3 ans d'expérience (module SecOps fortement souhaité), 
<br>
<br> Bonne compréhension des enjeux des métiers de la Cyber Sécurité : gestion des vulnérabilités et incidents de sécurité. Orientation service client et recherche de valeur ajoutée, 
<br>
<br> Capacité d'analyse et esprit de synthèse / travail en équipe / aptitude à communiquer/ sens du service / autonomie et initiative / travail en transverse. 
<br>
<br> Livrables 
<br>
<br> <b>Accompagnement Métiers:</b>
<br> Assurer les études de cadrage, le recueil des besoins clients, 
<br>
<br> Modéliser les processus métier et identifier les opportunités d'amélioration des processus, 
<br>
<br> Assister la maîtrise d'ouvrage depuis l'établissement des spécifications, la définition des scénarios des tests métiers jusqu'à la recette, 
<br>
<br> Appuyer à la qualification des incidents, des bugs, des évolutions, 
<br>
<br> Assurer la communication projet vers le métier, 
<br>
<br> Challenger les besoins métiers afin d'homogénéiser les pratiques et favoriser le standard du produit. 
<br>
<br> <b>Pilotage:</b>
<br> Contrôler le suivi des réalisations (qualité, performance), les validations et recettes des livrables, 
<br>
<br> Être force de proposition dans l'innovation, la fiabilisation et l'harmonisation des pratiques, systèmes et processus, 
<br>
<br> Garantir la mise à jour du référentiel documentaire des processus, 
<br>
<br> Veiller à l'application des normes et méthodologies TGITS. 
<br>
<br> Si vous êtes disponible intéressé, merci de me faire parvenir votre TJM ainsi que votre CV à jour au format Word. 
<br>
<br> <b>Profil candidat:</b>
<br> Capacité d'analyse et esprit de synthèse / travail en équipe / aptitude à communiquer/ sens du service / autonomie et initiative / travail en transverse.",Paris (75),,https://fr.indeed.com/viewjob?jk=4f065be5aae6d3e2&tk=1hpqgthl3k9af803&from=serp&vjs=3
Un consultant informatique SecOps/ service now sur paris (IT) / Freelance,"Smarteo recherche pour l'un de ces clients, Un consultant SecOps/ service now sur paris 
<br>
<br> <b>Description:</b>
<br> Le client souhaite avoir un consultant Secops, idéalement pour un fulltime, mais ouvert à d'autres dispositifs. 
<br>
<br> <b>Contexte de la mission :</b>
<br> Dans le cadre des activités autour de l'application ServiceNow au sein du groupe, nous souhaitons renforcer l'équipe projet SecOps. 
<br>
<br> Nous sommes à la recherche d'un(e) consultant(e) ServiceNow avec une expertise Cyber sécurité pour accompagner le métier Cyber sur l'ensemble des projets autour du module SecOps. 
<br>
<br> <b>Description de la mission :</b>
<br> <b>Lieu :</b> Paris 
<br>
<br> possibilité de réaliser la mission en télétravail. 
<br>
<br> <b>Contexte :</b> le service en charge de la plateforme ServiceNow est à la recherche d'un consultant ServiceNow expérimenté. 
<br>
<br> Maîtrise de l'anglais (contrat TMA en outsourcing), 
<br>
<br> Maitrise de ServiceNow minimum 3 ans d'expérience (module SecOps fortement souhaité), 
<br>
<br> Bonne compréhension des enjeux des métiers de la Cyber Sécurité : gestion des vulnérabilités et incidents de sécurité. Orientation service client et recherche de valeur ajoutée, 
<br>
<br> Capacité d'analyse et esprit de synthèse / travail en équipe / aptitude à communiquer/ sens du service / autonomie et initiative / travail en transverse. 
<br>
<br> Livrables 
<br>
<br> <b>Accompagnement Métiers:</b>
<br> Assurer les études de cadrage, le recueil des besoins clients, 
<br>
<br> Modéliser les processus métier et identifier les opportunités d'amélioration des processus, 
<br>
<br> Assister la maîtrise d'ouvrage depuis l'établissement des spécifications, la définition des scénarios des tests métiers jusqu'à la recette, 
<br>
<br> Appuyer à la qualification des incidents, des bugs, des évolutions, 
<br>
<br> Assurer la communication projet vers le métier, 
<br>
<br> Challenger les besoins métiers afin d'homogénéiser les pratiques et favoriser le standard du produit. 
<br>
<br> <b>Pilotage:</b>
<br> Contrôler le suivi des réalisations (qualité, performance), les validations et recettes des livrables, 
<br>
<br> Être force de proposition dans l'innovation, la fiabilisation et l'harmonisation des pratiques, systèmes et processus, 
<br>
<br> Garantir la mise à jour du référentiel documentaire des processus, 
<br>
<br> Veiller à l'application des normes et méthodologies TGITS. 
<br>
<br> Si vous êtes disponible intéressé, merci de me faire parvenir votre TJM ainsi que votre CV à jour au format Word. 
<br>
<br> <b>Profil candidat:</b>
<br> Capacité d'analyse et esprit de synthèse / travail en équipe / aptitude à communiquer/ sens du service / autonomie et initiative / travail en transverse.",Paris (75),,https://fr.indeed.com/viewjob?jk=4f065be5aae6d3e2&tk=1hpqgspg4icag83j&from=serp&vjs=3
SECURITY INCIDENT analyste informatique (IT) / Freelance,"L'analyste incident de sécurité identifie, catégorise, analyse et qualifie les évènements de sécurité en temps réel ou de manière asynchrone sur la base de rapports d'analyse sur les menaces. Il traite les incidents de sécurité avérés en support des équipes de réponse aux incidents de sécurité et participe aux cellules de crise. 
<br>
<br> Vous allez rejoindre l?équipe réponse aux incidents cyber au sein du Cyberdefense Operation Center. 
<br>
<br> <b>Contrainte forte du projet :</b> Contexte international 
<br>
<br> <b>Les livrables sont :</b> Ticketing 
<br>
<br> IRP,SOP,IRG 
<br>
<br> En tant qu?analyste DFIR/CTI vous allez rejoindre l?équipe réponse aux incidents cyber au sein du pôle Cyberdéfense. Vous serez le point de contact entre le volet réponse (DFIR) et le volet anticipation (CTI) pour faire adopter les bonnes pratiques de réponse axées sur la connaissance de la menace et la bonne utilisation de nos services de CTI. 
<br>
<br> L?objectif de la mission sera de réaliser activement de la veille sur la menace ainsi que répondre aux incidents cyber sur un périmètre couvrant le groupe ainsi que toutes ses filiales (35 000 collaborateurs dans le monde). 
<br>
<br> Pour arriver à cet objectif, vous mènerez à bien au quotidien les 10 missions suivantes : 
<br>
<br> <b>Sur le volet DFIR :</b>
<br> 1. Répondre aux incidents cyber avec un focus sur la menace traitée, les capacités de l?attaquant, son but, ; 
<br>
<br> 2. Mettre en place des workbooks DFIR (RE&amp;CT) pour automatiser le traitement des incidents cyber ; 
<br>
<br> 3. Mettre en place des threat playbook DFIR pour automatiser le traitement efficacement des menaces les plus récurrentes ; 
<br>
<br> 4. Améliorer la couverture de nos filiales en les aidant à adopter nos outils et processus pour aider Le Groupe à gagner en résilience chaque jour. 
<br>
<br> <b>Sur le volet CTI :</b>
<br> 5. Réaliser en continu une veille sur les différentes menaces cyber, plus spécifiquement sur les différents acteurs et leur modus operandi (tactiques, techniques, procédures &amp; indicateurs de compromission), 
<br>
<br> 6. Aider les équipes réponse &amp; détection à mieux comprendre les menaces émergentes et peu connues 
<br>
<br> 7. Mettre en place des workbooks CTI pour automatiser le traitement des alertes CTI 
<br>
<br> 8. Améliorer et tirer au maximum de la valeur de notre service de CTI externalisé, 
<br>
<br> 9. Enrichir, consolider et améliorer notre cartographie CTI, 
<br>
<br> 10. Participer à la promotion du service CTI Groupe auprès des autres équipes, filiales et directions 
<br>
<br> Confirmed (3 à 8 ans d'expérience dans l'activité) 
<br>
<br> Données complémentaires 
<br>
<br> <b>Profil candidat:</b>
<br> <b>Compétences techniques :</b> Gestion des incidents / demandes / problèmes - Confirmé - Impératif 
<br>
<br> Digital Forensics - Confirmé - Impératif 
<br>
<br> Cyber Threat intel - Confirmé - Impératif 
<br>
<br> Connaissances linguistiques Anglais Professionnel (Impératif)",La Défense (92),De 550 € à 660 € par jour,https://fr.indeed.com/viewjob?jk=ce633001274784ec&tk=1hpqgspg4icag83j&from=serp&vjs=3
ingénieur informatique cybersécurité informatique N3 (H/F) (IT) / Freelance,"BUILD Construction et développement de la réponse à incident 
<br>1. Construction des référentiels documentaires nécessaires à la réponse à incidents 
<br>a. RACIs avec les équipes concernées 
<br>b. Comitologie et reporting 
<br>c. Documentation/outillage pour le suivi du sujet et le partage de connaissance 
<br>
<br> 2. Résilience du CSIRT 
<br>a. Définition de moyens de communications de crise, etc. 
<br>b. Définitions de futurs outils 
<br>
<br> 3. Amélioration continue des fiches reflexes utilisées par le N2 de réponse à incidents 
<br>a. Travail avec le N2 pour comprendre les contraintes métiers 
<br>b. Mise à niveau des pratiques par rapport à PICERL 
<br>c. Formaliser les chemins d?escalade vers le CSIRT et leurs conditions 
<br>d. Formation du N2 
<br>
<br> 4. Développement des capacités de détection et d?analyse des incidents et événements de sécurité 
<br>a. Participation aux réunions avec les divers MSSP 
<br>b. Participation à la vie et à l?amélioration continue du SOC 
<br>c. Gestion des exceptions de l?ensemble des outils de détection d?incidents de sécurité (SOC, EDR, NDR, ITP, etc) 
<br>
<br> 5. Automatisation 
<br>a. Identification des possibilités d?automatisation 
<br>b. Implémentation des automatisations identifiées via MindFlow 
<br>
<br> RUN Suivi des incidents 
<br>1. Implication sur les incidents majeurs 
<br>a. Analyse forensique (Windows, Linux, appliances réseau, etc.) 
<br>b. Réponse et suivi d?incident 
<br>c. Reporting 
<br>
<br> 2. Traitement des incidents escaladés formellement 
<br>
<br> 3. Assistance au N2 pour le traitement des incidents 
<br>a. Assistance au traitement des incidents rares 
<br>b. Assistance au traitement des incidents ayant des ramifications mal-comprises 
<br>
<br> Dans ce cadre, les missions de l?expert cybersécurité réponse à incident seront : 
<br>1. Participer à l?amélioration continue des fiches reflexes utilisées par le N2 et amélioration des pratiques de réponses à incidents globales 
<br>2. Gestion de projets, définition de procédures et processus de travail inter-équipe 
<br>3. Aider le N2 sur le traitement des incidents de sécurité 
<br>4. Participer au développement du CSIRT via les axes de développement des capacités de détection et la résilience du CSIRT 
<br>5. Participer à la communautés Cyber du client en proposant des améliorations aux niveaux gouvernance, durcissements, prévention etc. aux parties prenantes concernées 
<br>
<br> <b>Profil recherché :</b>
<br> ? Expert N3 en réponse à incident avec plusieurs années d?expérience au sein d?un SOC ou CSIRT 
<br>? Connaissances génériques des outils type EDR, NDR, etc. 
<br>? Forte autonomie, proactivité et rigueur 
<br>? Anglais professionnel",78140 Vélizy-Villacoublay,De 600 € à 700 € par jour,https://fr.indeed.com/viewjob?jk=dcd4ec78a4780210&tk=1hpqgspg4icag83j&from=serp&vjs=3
Expert cybersécurité informatique industrielle (IT) / Freelance,"<b>Contexte :</b>
<br> Dans le cadre des missions de contrôles et d?audits internes, des évaluations de conformité des sites sensibles de la société au regard du référentiel « Sécurité des Systèmes de Contrôle Industriel » (IND4) ont été réalisées à partir de 2016. Les résultats et retours de cette mission ont donné lieu à l?identification de recommandations afin d?atteindre la conformité à ce référentiel IND4. 
<br>
<br> Ces recommandations se sont structurées au sein d?un programme multi-directions baptisé OSS2021, piloté par la Direction Technique, et initié au printemps 2019 portant sur les sites les plus critiques de l?entreprise et visant à se conformer au référentiel Cybersécurité du groupe tracé au travers du processus de contrôle Interne INCOME IND4 ? Cybersécurité des Systèmes de Contrôle Commande Industriels. 
<br>
<br> L?objectif visé est maintenant d?établir un programme de sécurisation globale des installations industrielles, au juste niveau selon les risques encourus. Ce programme SEIGA (Sécurisation des Environnements Industriels et Gestion des Accès) vise notamment à : 
<br>
<br> Limiter le risque de propagation d?une attaque multi-sites 
<br>
<br> Protéger les actifs industriels critiques 
<br>
<br> Intégrer la cybersécurité dans le cycle de vie des projets et réduire la dette technique. 
<br>
<br> <b>Rôle :</b>
<br> Afin de renforcer l?équipe projet, la DSI recherche un profil de chef de projet/expert Microsoft &amp; cybersécurité avec une bonne connaissance des systèmes industriels (automatisme, etc.). 
<br>
<br> <b>Prise de connaissance de l?existant :</b> organisation, architecture, sécurité, etc. 
<br>
<br> Coordination avec le pôle cybersécurité pour l?implémentation des exigences et contre-mesures 
<br>
<br> Contribution aux ateliers avec les fournisseurs d?application 
<br>
<br> Analyse de risque de cybersécurité et définition de contre-mesures 
<br>
<br> Proposition et design des solutions à mettre en ?uvre 
<br>
<br> Mise en ?uvre du durcissement 
<br>
<br> Rédaction ou validation de documents techniques pour l?installation et la configuration des solutions 
<br>
<br> Contrôle de conformité des solutions déployées en regard des exigences fonctionnelles et sécurité 
<br>
<br> Organisation et réalisation de tests de vulnérabilité 
<br>
<br> Documentation et réalisation des tests et recettes 
<br>
<br> Accompagnement des équipes de RUN à l?exploitation des solutions 
<br>
<br> <b>Profil candidat:</b>
<br> Formation ingénieur spécialisé en sécurité informatique et/ou télécoms, sécurité des systèmes informatiques et des réseaux, sécurité, cryptologie et codage de l?information? 
<br>
<br> Au moins 5 à 7 ans d?expérience en cybersécurité 
<br>
<br> Expérience dans la sécurisation des systèmes d'information industriels 
<br>
<br> Clarté de communication, capacité de rédaction (transmission de l'information) et de schématisation 
<br>
<br> Travail en équipe, sens du relationnel (approche collaborative/collégiale) 
<br>
<br> Rigoureux(se), organisé(e) et autonome sur le traitement des activités 
<br>
<br> Curieux(se), ouvert(e) d?esprit, force de proposition 
<br>
<br> Autonomie sur le traitement des activités 
<br>
<br> Anglais technique requis 
<br>
<br> <b>Bonnes connaissances en cybersécurité notamment :</b>
<br> Gestion des comptes et des accès 
<br>
<br> Durcissement de systèmes et applications 
<br>
<br> Architecture et cloisonnement des systèmes 
<br>
<br> Outil de Patching 
<br>
<br> Processus cybersécurité 
<br>
<br> Expertise en durcissement d?application (systèmes Windows, SQL, etc.) 
<br>
<br> Connaissance des systèmes, réseau, firewall, gestion de logs et gestion de PKI 
<br>
<br> Forte compréhension des problématiques de sécurité dans un contexte industriel réglementé 
<br>
<br> Connaissance des vulnérabilités informatiques et des bonnes pratiques en matière de cyber sécurité 
<br>
<br> Connaissance des Normes ISO 27000, CEI 62443 
<br>
<br> Connaissance PSSI-E &amp; référentiels publiés par L?ANSSI 
<br>
<br> Approche maitrisée des analyses de risques informatiques",92270 Bois-Colombes,De 550 € à 700 € par jour,https://fr.indeed.com/viewjob?jk=b55287a6494a4933&tk=1hpqgspg4icag83j&from=serp&vjs=3
Chef de projet informatique cybersécurité informatique (IT) / Freelance,"Cyber Security Manager renforce son dispositif et recherche une assistance possédant une bonne expérience dans les domaines de la cybersécurité et de la gestion de projets de sécurité, idéalement exercée dans le secteur de l?industrie financière. 
<br>Le consultant assiste le Responsable Cyber Sécurité dans le cadre du programme Cyber Sécurité. Le consultant devra encadrer les différentes initiatives de cybersécurité dont il aura la charge, respecter les plannings, identifier les ressources nécessaires et la charge de travail associée, préparer et animer les différents comités opérationnels. Pour ce faire, il suit l?avancement des initiatives avec la production et le reporting d?indicateurs clés, s?assure du respect des délais et du budget, remonte les alertes. 
<br>
<br> Ses connaissances en sécurité lui permettent de traduire les exigences/objectifs en plans d?action, de challenger les parties prenantes, d?évaluer et d?aligner les mesures de sécurité avec les exigences du client, de s?assurer de la bonne qualité des livrables attendus et de l?atteinte des objectifs de maturité fixés. A ce titre, le consultant interagira avec d?autres départements informatiques tels que IT Infra &amp; Production, IT Architect ou IT Development, ainsi qu?avec des acteurs transversaux tels que le Data Office ou les équipes Compliance ou Legal. Il/elle collecte et centralise les preuves en vérifiant la bonne qualité des documents et assiste éventuellement à la production des preuves/réponses à fournir aux auditeurs. Au-delà du programme, le consultant participe aux actions de gouvernance, à l?organisation des comités de sécurité, aux mises à jour des politiques, aux communications et à la sensibilisation aux bonnes pratiques de sécurité.",Paris (75),De 500 € à 700 € par jour,https://fr.indeed.com/viewjob?jk=04e0a40632f8b6f9&tk=1hpqgspg4icag83j&from=serp&vjs=3
Expertise Carl Source (2j /semaine; Habilitation) (IT) / Freelance,"engIT Paris, à aujourd'hui, l'opportunité de vous proposé une opportunité, de compléter votre mission actuelle, au rythme de 2 jours par semaine en distenciel. 
<br>
<br> engIT est une jeune société d'ingénierie, dédiée à l'innovation, animée par des passionnés de technologies et d?innovation en IT créée en 2017 à Sophia Antipolis et aujourd'hui présente à Nice, Aix, Lille, Paris et Monaco... 
<br>
<br> Objets connectés, IA, Big Data, Deep Learning, véhicules autonomes, réalité augmentée, UX, logiciels embarqués, cyber sécurité, Blockchain, Cloud, mobilité, ne sont qu?une partie de nos centres d'intérêts. 
<br>
<br> <b>L?équipe engIT Paris, recherche un/une :</b> ""Expert Carl Source"" afin d'accompagner la DSI d'un de ses clients premium. 
<br>
<br> <b>Profil candidat:</b>
<br> Pour réaliser cette mission, vous devrez justifier d'une expertise concrète, sur la solution de GMAO, Carl Source. 
<br>
<br> Vous serez amené à intervenir au sein des équipes dédiées de la DSI du client, en tant qu'expert, afin de les accompagner, sur centaines tâches clefs liées à la solution, comme la réalisation des mises à jour, le support, l'administration avancée, l'expertise...",78140 Vélizy-Villacoublay,De 350 € à 450 € par jour,https://fr.indeed.com/viewjob?jk=63a2853d23e64bad&tk=1hpqgspg4icag83j&from=serp&vjs=3
Expert en Cyber sécurité informatique (IT) / Freelance,"<div>
 Pour le compte d?un organisme de l?état, nous recherchons un profil expert en sécurité des systèmes d?informations pour prendre en charge les activités auprès du Chef de mission (détenant la qualité RSSI).
 <br> 
 <br> L?expert sera mobilisé à temps plein pour prendre en charge les domaines d?activités suivants :
 <br> Appui SSI :
 <br> 
 <br> 
 <ul>
  <li>Gestion des homologations des traitements informatiques sous responsabilité de la DGEFP (piloter la feuille de route, prendre en charge l?animation et la préparation des homologations/etudes EBIOS avec les partenaires et les autorités)</li>
  <li>Animer la veille SSI et représenter la DGEFP dans les instances de sécurité</li>
  <li>Appuyer la DGS dans la gestion des crises de sécurité, les communications</li>
  <li>Evangélisation SSI</li>
 </ul> 
 <br> L?appui SSI représente une part d?activité variable en fonction du planning des homologations et des incidents de sécurité, et une part récurrente axée sur la veille, l?amélioration des procédures et l?accompagnement des responsables applicatifs
 <br> 
 <br> Contrainte forte du projet Maîtrise des homologations RGS, Gestion du Changement, Sécurité des SI de l?Etat
 <br> Compétences techniques homologation RGS - Expert - Impératif
 <br> Veille SSI / gestion de crise - Expert - Impératif
 <br> Connaissances linguistiques Français Courant (Impératif)
</div>",Paris (75),,https://fr.indeed.com/viewjob?jk=4e2f855b457d2343&tk=1hpqgspg4icag83j&from=serp&vjs=3
ingénieur informatique Cybersécurité informatique RUN (IT) / Freelance,"Descriptif de la mission 
<br>
<br> <b>Les objectifs de la mission consistent à :</b>
<br> Proposer des actions préventives et correctives pour élever le niveau de sécurité des systèmes 
<br>Assurer le suivi des analyses de vulnérabilités concernant les applications métiers (lancement des analyses, évaluation des risques, identification des travaux de remédiation) 
<br>Gérer les emails douteux (investigation, lien avec le département Sécurité, réponse aux utilisateurs). 
<br>Effectuer de l?investigation en cas d?incident de cyber sécurité 
<br>Proposer des actions et/ou déployer des solutions de remédiations pour pallier les failles de sécurité identifiées 
<br>Mettre les solutions adaptées en cas d?incident incident/problème de sécurité 
<br>Accompagner les architectes dans les phases projet afin de mettre en place by design des solutions intégrant la sécurité 
<br>Analyser périodiquement les vulnérabilités des systèmes 
<br>Rendre un avis concernant la cyber sécurité dans le cadre des comités d?architecture 
<br>
<br> Il s?agit d?une mission nécessitant une maturité certaine ainsi qu?une excellente connaissance des systèmes d?information. 
<br>
<br> <b>Compétences techniques requises :</b>
<br> Dans le cadre de cette mission, il est nécessaire que le soumissionnaire présente les compétences techniques suivantes : 
<br>Bonne connaissance du système d?information global et de la gouvernance du SI, 
<br>Bonnes connaissance des systèmes d?exploitation (Windows, RedHat) 
<br>Bonnes connaissances des réseaux et leurs protections 
<br>Bonnes connaissances en matière de cyber sécurité du SI. 
<br>
<br> <b>Compétences méthodologiques requises :</b>
<br> Rigueur, capacité d?anticipation et sens de la méthode, 
<br>Autonome, empathique et sens de la pédagogie, 
<br>Esprit de synthèse et capacité à prioriser les problématiques de manière à avoir une vision globale du système d?information de l?entreprise et de la cible à atteindre, 
<br>Qualités relationnelles et diplomatie, 
<br>Qualités rédactionnelles pour la publication des livrables projet. 
<br>Pouvoir expliquer aux chefs de projet, aux architectes et aux différentes divisions de la DSI, l?importance et la criticité des aspects cyber sécurité 
<br>Etre à l?écoute des besoins métiers et contraintes techniques afin de proposer des solutions appropriées 
<br>Savoir anticiper les potentiels problèmes lors de l?évolution des systèmes d?information et proposer des actions d?accompagnement permettant de maintenir un niveau de sécurité élevé 
<br>En cas d?alerte sécurité, être disponible, réactif 
<br>Avoir une bonne visibilité et connaissance du marché des outils de cyber sécurité 
<br>Posséder les qualités rédactionnelles permettant la réalisation des modes opératoires nécessaires à la bonne application de la politique de SSI 
<br>Autonomie, rigueur et méthodologie",Paris (75),600 € par jour,https://fr.indeed.com/viewjob?jk=d8085192cf9d7156&tk=1hpqgspg4icag83j&from=serp&vjs=3
Chef de projet informatique cybersécurité informatique experimenté (IT) / Freelance,"<div>
 Contexte de la mission : Le consultant ne fait pas d?audit mais les suivis d?audit. 
 <br> L?équipe Cyber &amp; Service Delivery se renforce pour:
 <br> 
 <ul>
  <li>gérer et superviser la remédiation, auprès des équipes d?infrastructure, d?audits Cyber ;</li>
  <li>préparer et accompagner les audits à venir;</li>
  <li>proposer et faire appliquer des politiques d?amélioration continue.</li>
 </ul> 
 <br> Objectifs/Descriptif de mission :
 <br> Travailler en interaction ?active? avec les différents domaines de l?infrastructure: -
 <br> Core services ;
 <br> Modern workplace ;
 <br> Networks ;
 <br> Platform ;
 <br> Services desks &amp; end user support.
 <br> 
 <br> L?environnement de travail, à l?international, demande de solides compétences organisationnelles et interculturelles.
 <br> Expertise en environnement anglophone obligatoire.
 <br> 
 <br> Activités de la prestation
 <br> 1) Gérer et superviser, sous Service Now, la résolution des recommandations d?audits:
 <br> Ransomware ;
 <br> Cloud security ;
 <br> Obscolescence ;
 <br> 
 <br> 2) Assurer la communication
 <br> Animer des réunions trimestrielles, à audience Monde , d?avancement avec les directeurs de l?infrastructure et de la sécurité ;
 <br> Proposer des dashboards temps-réel de suivi: sous Service Now et/ou PowerBi.
 <br> 
 <br> 3) Participer et préparer les audits à venir
 <br> Préparer un agenda et un planning de charge, conjointement avec les directeurs de l?infrascture concernés ;
 <br> Participer aux réunions de workshop, kick-off et de restitutions avec les cabinets d?audit ;
 <br> Préparer, sous Service NOW, les recommandations d?audits (ENG, IPT, IPT_TASKS) avec les équipes d?infrastructure et les équipes Cyber.
 <br> 
 <br> 4) Proposer et faire appliquer des politiques d?amélioration continue :
 <br> Spécifier le besoin de nouveaux contrôles continues ;
 <br> Assurer le suivi, en RUN.
 <br> 
 <br> 
 <br> Profil candidat:
 <br> Contexte de la mission : Le consultant ne fait pas d?audit mais les suivis d?audit.
</div>",92110 Clichy,De 550 € à 700 € par jour,https://fr.indeed.com/viewjob?jk=58679639666a3ad9&tk=1hpqgspg4icag83j&from=serp&vjs=3
PMO Risk Cyber-Sécurité (H/F) - CDI ou freelance - Paris,"<div>
 <p>Bonjour,</p>
 <p> Dans le cadre d'un projet remporté au forfait pour l'un de nos client, cabinet de conseil spécialisé en finance.</p>
 <p> Nous recherchons un profil de PMO risk et Cyber-sécurité (H/F) en CDI ou freelance.</p>
 <br> 
 <p>Vous interviendrez dans la conduite de projets pour des Clients basés sur Paris &amp; Ile de France.</p> 
 <p>Vous aurez les responsabilités suivantes :</p> 
 <ul>
  <li>Fournir une assistance aux fonctions Cyber-Sécurité, IT Risk, Data Protection, IT…</li> 
  <li>Assurer la PMO de projets (gestion de planning, gestion des ressources, du budget, du suivi d’activité, des indicateurs, gestion et animation de comités, compte-rendu, communication projet, reporting…)</li> 
  <li>Réaliser la conduite du changement et déployer des programmes d’acculturation</li> 
  <li>Accompagner la transformation et les évolutions d’organisation en Clientèle</li> 
  <li>Cartographier et analyser les risques, effectuer les études d’impact</li> 
  <li>Produire les tableaux de bord, les indicateurs de suivi et les alertes</li> 
  <li>Définir et déployer les politiques et standards</li> 
  <li>Réaliser une veille des règlementations en Cyber-Sécurité, IT Risk, Data IT…</li> 
 </ul>
 <p> Votre profil :</p> 
 <ul>
  <li>De formation ingénieur ou équivalent, vous disposez de plus de 5 ans d’expérience en Audit ou Conseil dans les services financiers</li> 
  <li>Vous disposez d’une solide expérience en PMO / Gestion de projets</li> 
  <li>Vous êtes en mesure de piloter un programme et d’animer des ateliers, d’assurer l’interface avec les parties prenantes des projets en Clientèle</li> 
  <li>Vous êtes autonome, force de proposition et en capacité d’appréhender les enjeux Métiers</li> 
  <li>La connaissance des métiers de la banque ou assurance est un plus</li> 
 </ul>
 <p> Vos atouts qui feront la différence :</p> 
 <ul>
  <li>Curiosité, rigueur, dynamisme et proactivité</li> 
  <li>Aisance relationnelle et appétence pour la communication</li> 
  <li>Sens du travail en équipe et de l’engagement</li> 
  <li>Maitrise de l’anglais</li> 
 </ul>
 <p> </p>
 <p>Vous êtes intéressés, merci de nous envoyer votre cv actualisé, vos disponibilités pour entretien et démarrage et vos prétentions salariales.</p>
</div>
<p></p>",75004 Paris,,https://fr.indeed.com/viewjob?jk=af207fddcb651cc6&tk=1hpqgspg4icag83j&from=serp&vjs=3
Ingénieur Cyber-sécurité GRC (H/F) - CDI - Paris,"<div>
 <p>Bonjour,</p>
 <p> Dans le cadre d'un projet remporté, nous recherchons pour l'un de nos client un ingénieur cybersécurité GRC en CDI ou freelance, dans le cadre différents projets dans le domaine de la banque finance assurance.<br> <br> Vous interviendrez dans la conduite de projets pour nos Clients basés sur Paris &amp; Ile de France, sur des missions de <b>Cyber-Sécurité, IT Risk Management et/ou Résilience</b>. </p>
 <p>Vous aurez les responsabilités suivantes :</p> 
 <ul>
  <li>Accompagner la transformation en Cyber Risk &amp; Sécurité</li> 
  <li>Fournir une assistance transversale au RSSI/CISO</li> 
  <li>Etablir un diagnostic de maturité de la fonction Cyber-Sécurité &amp; IT Risk</li> 
  <li>Définir et déployer les politiques et standards de sécurité</li> 
  <li>Cartographier et analyser les risques Cyber &amp; IT</li> 
  <li>Élaborer des tableaux de bords de Cyber-Sécurité</li> 
  <li>Piloter des projets de sécurisation SI (IAM, DLP, Cloud, …)</li> 
  <li>Accompagner la mise en conformité réglementaire (DORA, LPM, NIS, SWIFT CSP, …)</li> 
  <li>Déployer des programmes d’acculturation à la Cyber-Sécurité</li> 
 </ul>
 <p> Votre profil :</p> 
 <ul>
  <li>De formation ingénieur ou équivalent, vous disposez de plus de 4 ans d’expérience en Cyber-Sécurité, IT Risk Management ou Résilience, acquise au sein d'un cabinet de conseil, d'audit, dans le secteur financier</li> 
  <li>Vous disposez de la connaissance des référentiels, standards et réglementations en Cyber-Sécurité (ISO, Cobit, NIST, DORA, LPM, NIS, GDPR…)</li> 
  <li>Vous êtes autonome et en mesure d’assurer l’interface avec les parties prenantes de la Cyber-Sécurité (RSSI/CISO, RSI/ITSO, ITRM, Business, Compliance, etc…)</li> 
  <li>Vous êtes force de proposition et appréhendez les enjeux des Métiers en Cyber-Sécurité</li> 
  <li>La connaissance des métiers de la banque ou assurance est un plus</li> 
 </ul>
 <p> Vos atouts qui feront la différence :</p> 
 <ul>
  <li>Curiosité, rigueur, dynamisme et proactivité</li> 
  <li>Aisance relationnelle et appétence pour la communication</li> 
  <li>Sens du travail en équipe et de l’engagement</li> 
  <li>Maitrise de l’anglais</li> 
 </ul> 
 <p>Salaire variable selon expérience.</p>
 <p> Vous êtes intéressé, merci 'envoyer votre cv actualisé, vos disponibilités et démarrage.</p>
</div>
<p></p>",75004 Paris,,https://fr.indeed.com/viewjob?jk=1bc38c78da47dbea&tk=1hpqgspg4icag83j&from=serp&vjs=3
"responsable informatique Cyber sécurité informatique - Risque, Gouvernance et Conformité (IT) / Freelance","<b>Aperçu du poste :</b>
<br> Nous recherchons un responsable des risques, de la conformité et de la gouvernance hautement qualifié et expérimenté pour rejoindre notre équipe. Le candidat retenu sera responsable du développement, de la mise en ?uvre et de la supervision des processus de gestion des risques, de conformité et de gouvernance dans l?ensemble de l?organisation. Ils travailleront en étroite collaboration avec la haute direction pour garantir le respect des exigences réglementaires, atténuer les risques et améliorer les pratiques de gouvernance. 
<br>
<br> <b>Principales responsabilités:</b>
<br> Développer et mettre en ?uvre des cadres, des politiques et des procédures de gestion des risques pour identifier, évaluer et atténuer les risques dans l?ensemble de l?organisation. 
<br>Effectuer des évaluations des risques et collaborer avec les départements concernés pour élaborer des stratégies d?atténuation des risques. 
<br>Surveiller les évolutions réglementaires et assurer le respect des lois, réglementations et normes de l?industrie applicables. 
<br>Développer et dispenser des programmes de formation à la conformité pour les employés afin de promouvoir la sensibilisation et la compréhension des exigences réglementaires. 
<br>Établir et maintenir des structures de gouvernance efficaces, y compris des comités de surveillance et des mécanismes de reporting. 
<br>Effectuer des audits et des examens internes pour évaluer la conformité aux politiques et procédures. 
<br>Enquêter et résoudre les problèmes de conformité, notamment en effectuant une analyse des causes profondes et en mettant en ?uvre des actions correctives. 
<br>Préparer et présenter des rapports sur les activités de risque, de conformité et de gouvernance à la haute direction et aux parties prenantes concernées. 
<br>Servir d?expert en la matière sur les questions de gestion des risques, de conformité et de gouvernance, en fournissant des conseils et un soutien aux employés de l?ensemble de l?organisation. 
<br>
<br> <b>Qualifications:</b>
<br> Baccalauréat en administration des affaires, finance, comptabilité ou dans un domaine connexe. Diplôme d?études supérieures ou certification professionnelle (par exemple CFE, CISA, CRCM) souhaité. 
<br>Minimum de 12 ans d?expérience dans des rôles de gestion des risques, de conformité ou de gouvernance. 
<br>Solide connaissance des exigences réglementaires et des meilleures pratiques de l?industrie liées à la gestion des risques, à la conformité et à la gouvernance. 
<br>Excellentes compétences analytiques, de résolution de problèmes et de prise de décision. 
<br>Solides compétences en communication et en relations interpersonnelles, avec la capacité d?interagir efficacement avec les employés à tous les niveaux de l?organisation. 
<br>Capacité avérée à gérer plusieurs projets et priorités dans un environnement en évolution rapide. 
<br>Souci du détail et solides compétences organisationnelles. 
<br>Capacité à maintenir la confidentialité et à traiter les informations sensibles avec discrétion.",Paris (75),De 700 € à 1 000 € par jour,https://fr.indeed.com/viewjob?jk=9a2222b5809301ba&tk=1hpqgspg4icag83j&from=serp&vjs=3
Accompagnement GRC - Mission Cyber Risk Management & DORA (IT) / Freelance,"<b>Détails de la prestation :</b><b>La Société devra fournir les prestations suivantes :</b>
<br> En lien avec la règlementation DORA, contribuer au projet de classification des actifs en fonction des risques et notamment : 
<br>Homogénéiser et améliorer les processus de classification des actifs sur les volets suivants : gouvernance, organisation, rôles et responsabilités, méthodologie, alignement avec la réglementation, outils. 
<br>Définir une méthodologie de classification des actifs en fonction des risques 
<br>Accompagner la campagne de réévaluation des actifs selon le processus définis 
<br>Piloter la mise à jour de la documentation relative à la classification des actifs 
<br>Intervenir en support sur le périmètre d?activité du Référent Risk Management impacté par le réglementation DORA: 
<br>Cartographie des risques cyber (EBIOS RM) 
<br><b>Formalisation de processus :</b> acceptation de risques, cadre de gestion des risques 
<br>Traitement des acceptations de risques 
<br>Préparation des comités (risques, dérogations ) 
<br>Travaux sur outil EGERIE Risk Manager 
<br>
<br> Profil 
<br>Ingénieur cyber sécurité (Bac+5) 
<br>Plus de 5 ans d?expérience en cybersécurité 
<br>
<br> Compétences 
<br>ISO 27001 ; 27002 ; 27005 ; NIST 
<br>Règlementations NIS, DORA 
<br>EBIOS RM 
<br>EGERIE Risk Manager 
<br>
<br> Livrables attendus 
<br>Cartographie des risques cyber 
<br>Procédure de classification des actifs de l?entreprise 
<br>Procédure de gestion des acceptations de risque 
<br>Procédure de cadre de gestion des risques cyber 
<br>Cartographie des risques cyber mise à jour 
<br>Formalisation de processus de sécurité 
<br>Suivi des dérogations et vulnérabilités 
<br>Reporting activités 
<br>
<br> <b>Nota bene :</b> suivant la charge de travail, le prestataire peut être porté à réaliser d?autres activités. 
<br>
<br> <b>Sites :</b> Paris Saint-Lazare 
<br>
<br> <b>Profil candidat:</b><b>Contexte de la mission :</b>
<br> GRC - Mission Cyber Risk Management &amp; DORA Consultant 
<br>Dans le cadre de la DCRN (Direction Cybersécurité et Risques Numériques) et plus particulièrement au sein du département GRC (Gouvernance, Risque, Conformité). 
<br>
<br> Le département GRC est en charge notamment des sujets suivants : 
<br>Cartographie des risques cyber 
<br>Audits et remédiations cyber 
<br>Gestion de la conformité cyber et notamment à la règlementation DORA 
<br>Gestion de crise &amp; Cyber Résilience 
<br>L?animation sécurité des filiales 
<br>Animation de la communauté des CSSI",Paris (75),650 € par jour,https://fr.indeed.com/viewjob?jk=8f7b7d82c01ce151&tk=1hpqgspg4icag83j&from=serp&vjs=3
EXPERT CYBER securite informatique (IT) / Freelance,"Vous travaillerez sur différents sujets liés à la cybersécurité. En garantissant un niveau de sécurité et de qualité de service conforme aux attentes des utilisateurs. 
<br>
<br> Vous travaillerez principalement sur des sujets techniques tels que le déploiement intégration d?outils de sécurité suivant les directives de la société. 
<br>Vous travaillerez également sur le durcissement de l?Active Directory en apportant votre expertise sur le sujet. Votre contribution doit être documentée. 
<br>
<br> Vous dirigez les équipes applicatives sur la remédiation des audits de sécurité, en vous assurant que les remédiations sont mises en place. Vous travaillerez main dans la main avec les autres membres de la sécurité pour aider la société à améliorer son niveau de sécurité. 
<br>
<br> Déploiement de la solution de gestion des accès privilégiés (PAM) 
<br>Déploiement de la solution Microsoft Password pour appliquer la politique de mot de passe 
<br>Interaction avec les différentes équipes pour mettre en ?uvre les configurations dans le système IS&amp;T résultant de la politique de sécurité 
<br>Déploiement de la plateforme Bug Bounty 
<br>
<br> Soutenir les équipes applicatives dans la compréhension des remédiations techniques résultant des audits de sécurité informatique. Contrôler également la mise en ?uvre des remédiations. 
<br>Surveiller notre Vulnerability Cloud Platform et remédier aux vulnérabilités en collaboration avec les membres de la sécurité et du système. 
<br>Mettre en place les remédiations de nos scans de vulnérabilité internes et externes en collaboration avec l?équipe de cybersécurité. 
<br>o Mettre en place des actions correctives 
<br>o Proposer des plans d?amélioration basés sur le retour d?expérience des incidents afin d?éviter qu?ils ne se reproduisent. 
<br>o Appliquer la directive de durcissement 
<br>o Mettre à jour le plan de remédiation AD 
<br>
<br> <b>Profil candidat:</b>
<br> Expérience dans l?intégration, l?automatisation et le déploiement de solutions techniques. 
<br>Capacité à communiquer et à mener des projets techniques. 
<br>Connaissances spécifiques 
<br>Intégration et automatisation 
<br>Connaissance des systèmes 
<br>Connaissance des réseaux 
<br>Active Directory 
<br>Programmation en option 
<br>
<br> <b>Connaissances générales :</b>
<br> Anglais technique requis 
<br>Rigueur 
<br>Autonomie 
<br>Flexibilité 
<br>Curiosité",Paris (75),De 500 € à 600 € par jour,https://fr.indeed.com/viewjob?jk=bdf6df9758cfce45&tk=1hpqgspg4icag83j&from=serp&vjs=3
